"A.P.position","M.L.position","DLX6","SIX1","PAX7"
"Anterior",0,30.0652,33.4237,12.885
"Anterior",1.515,30.4629,38.176,12.105
"Anterior",3.03,29.9551,40.385,12.4267
"Anterior",4.545,32.986,33.0103,11.1885
"Anterior",6.061,33.4217,37.6032,10.6521
"Anterior",7.576,31.1271,37.3957,11.8015
"Anterior",9.091,34.2935,39.2462,13.0192
"Anterior",10.606,32.8761,35.6207,12.6479
"Anterior",12.121,35.4621,36.5843,11.3767
"Anterior",13.636,30.4488,37.3917,11.8077
"Anterior",15.152,32.925,38.601,12.3319
"Anterior",16.667,29.0836,39.936,10.6757
"Anterior",18.182,31.6443,37.4073,12.3787
"Anterior",19.697,34.8952,43.3567,12.6955
"Anterior",21.212,34.4178,45.577,12.0201
"Anterior",22.727,30.1443,36.9469,11.4854
"Anterior",24.242,30.8078,35.6839,11.1741
"Anterior",25.758,32.9172,42.3072,10.4169
"Anterior",27.273,31.9436,37.827,10.4846
"Anterior",28.788,33.8698,39.5151,10.4359
"Anterior",30.303,33.474,39.8116,11.5797
"Anterior",31.818,34.7918,34.5783,9.6651
"Anterior",33.333,33.6593,40.2287,10.4516
"Anterior",34.848,31.8514,40.5318,11.1713
"Anterior",36.364,32.1249,38.9127,11.9381
"Anterior",37.879,33.7264,36.5914,11.7398
"Anterior",39.394,30.0531,36.8148,12.8646
"Anterior",40.909,30.4045,35.72,10.6907
"Anterior",42.424,29.3663,36.6517,9.9872
"Anterior",43.939,29.5985,36.7395,10.2598
"Anterior",45.455,27.9053,37.0201,10.5787
"Anterior",46.97,28.8109,37.0302,8.8981
"Anterior",48.485,27.6847,33.3055,9.2979
"Anterior",50,28.1436,29.9799,9.4162
"Anterior",51.515,26.3755,31.5629,10.6795
"Anterior",53.03,25.3371,34.2776,11.5613
"Anterior",54.545,25.3418,32.6156,9.8269
"Anterior",56.061,27.4085,37.3105,9.1807
"Anterior",57.576,25.7556,39.4958,9.8102
"Anterior",59.091,25.3332,36.554,10.0132
"Anterior",60.606,27.1278,31.004,11.074
"Anterior",62.121,26.7109,34.4192,11.4336
"Anterior",63.636,25.3063,38.8888,10.9976
"Anterior",65.152,25.4472,38.5566,10.9774
"Anterior",66.667,26.8853,36.938,9.0416
"Anterior",68.182,27.6448,32.7745,11.9329
"Anterior",69.697,30.2413,34.8796,9.1398
"Anterior",71.212,29.2198,35.2415,9.3349
"Anterior",72.727,25.9159,37.3351,10.2574
"Anterior",74.242,26.2715,37.9981,11.3161
"Anterior",75.758,25.987,34.7834,11.6895
"Anterior",77.273,26.3662,40.4394,8.1817
"Anterior",78.788,24.9311,36.4421,7.6559
"Anterior",80.303,25.9374,34.8987,10.2692
"Anterior",81.818,24.8508,32.8485,9.526
"Anterior",83.333,24.6362,32.0774,10.7795
"Anterior",84.848,24.6186,34.1009,9.987
"Anterior",86.364,28.103,32.2355,9.2954
"Anterior",87.879,25.7656,34.9635,11.0003
"Anterior",89.394,27.0644,34.5505,10.489
"Anterior",90.909,23.5977,38.3361,11.2684
"Anterior",92.424,23.9399,38.2896,11.2397
"Anterior",93.939,23.6942,31.4988,8.8987
"Anterior",95.455,23.7614,34.254,9.3303
"Anterior",96.97,25.8279,31.2284,9.9574
"Anterior",98.485,24.3323,37.0883,11.4428
"Anterior",100,25.7217,29.825,11.1754
"Anterior",101.515,24.801,36.0298,11.1525
"Anterior",103.03,26.3052,32.4693,10.1715
"Anterior",104.545,29.6598,35.3296,9.5628
"Anterior",106.061,27.8935,33.9333,9.9496
"Anterior",107.576,26.2735,36.7347,11.8875
"Anterior",109.091,27.0981,35.7233,10.4072
"Anterior",110.606,26.3428,36.186,7.9349
"Anterior",112.121,27.4166,39.307,10.9603
"Anterior",113.636,30.6173,41.9877,11.8104
"Anterior",115.152,28.5917,38.5096,11.0708
"Anterior",116.667,27.9013,36.5608,12.1203
"Anterior",118.182,29.0203,36.2761,10.1746
"Anterior",119.697,29.9595,42.299,10.4926
"Anterior",121.212,29.1902,43.0674,12.6467
"Anterior",122.727,34.3802,39.7014,11.0499
"Anterior",124.242,31.4621,43.4923,11.466
"Anterior",125.758,32.4612,38.9134,11.5534
"Anterior",127.273,34.5325,39.408,10.9562
"Anterior",128.788,32.7954,39.3589,12.967
"Anterior",130.303,36.6696,40.2672,13.3453
"Anterior",131.818,40.934,41.552,14.2485
"Anterior",133.333,34.9347,45.8688,12.9126
"Anterior",134.848,37.4525,49.9275,13.3779
"Anterior",136.364,37.2687,42.3506,14.0123
"Anterior",137.879,35.5822,44.1062,12.6699
"Anterior",139.394,40.6782,45.3513,12.7155
"Anterior",140.909,41.8379,40.0602,10.9003
"Anterior",142.424,46.0767,39.5106,12.4262
"Anterior",143.939,48.6135,46.6343,13.9458
"Anterior",145.455,45.2503,45.1772,13.7261
"Anterior",146.97,45.5965,50.5097,14.8632
"Anterior",148.485,46.1635,42.268,16.4911
"Anterior",150,49.0549,38.142,16.3442
"Anterior",151.515,47.7902,38.9698,13.4941
"Anterior",153.03,51.5892,40.6237,13.8222
"Anterior",154.545,49.4898,43.2376,15.8979
"Anterior",156.061,56.4943,41.9104,16.8051
"Anterior",157.576,53.9153,40.6688,19.154
"Anterior",159.091,60.1484,43.5617,17.484
"Anterior",160.606,67.3981,41.264,15.1886
"Anterior",162.121,58.4518,44.4663,16.25
"Anterior",163.636,66.3882,45.6574,14.2283
"Anterior",165.152,64.303,39.1683,15.3136
"Anterior",166.667,61.1464,41.2832,13.7801
"Anterior",168.182,67.3039,39.4136,16.8625
"Anterior",169.697,63.2504,42.7,15.0118
"Anterior",171.212,59.2794,42.0459,15.6732
"Anterior",172.727,59.3545,44.4281,15.4726
"Anterior",174.242,61.624,48.0028,16.1337
"Anterior",175.758,61.7988,44.3329,17.1137
"Anterior",177.273,72.2898,39.9548,14.5477
"Anterior",178.788,73.5459,41.1445,13.6313
"Anterior",180.303,72.4094,41.2992,15.128
"Anterior",181.818,74.8657,44.2835,14.1735
"Anterior",183.333,79.1629,40.9172,17.0091
"Anterior",184.848,79.9869,43.4007,14.72
"Anterior",186.364,85.3419,43.0911,15.0755
"Anterior",187.879,88.0871,42.5714,15.7416
"Anterior",189.394,90.793,41.6866,13.7886
"Anterior",190.909,95.4555,43.0387,15.2366
"Anterior",192.424,92.2378,40.8572,14.0416
"Anterior",193.939,96.9532,39.8579,13.7409
"Anterior",195.455,100.9514,40.7395,13.9576
"Anterior",196.97,91.1734,40.0281,16.0993
"Anterior",198.485,90.3034,43.5817,14.7244
"Anterior",200,89.3083,46.3906,16.5337
"Anterior",201.515,102.0896,40.4995,16.7346
"Anterior",203.03,97.6283,37.4218,17.4269
"Anterior",204.545,93.4301,35.3223,14.0887
"Anterior",206.061,92.0638,36.8439,12.4799
"Anterior",207.576,84.2631,39.1531,14.8281
"Anterior",209.091,85.4775,42.0709,12.6979
"Anterior",210.606,76.595,39.0482,12.2435
"Anterior",212.121,84.5997,44.2829,13.3003
"Anterior",213.636,87.6832,42.9942,13.5003
"Anterior",215.152,95.0003,40.5174,13.5705
"Anterior",216.667,85.7259,42.838,12.3591
"Anterior",218.182,89.2234,46.14,12.6839
"Anterior",219.697,77.1039,40.8343,11.4223
"Anterior",221.212,79.8168,46.8411,13.0921
"Anterior",222.727,82.0033,47.6523,10.626
"Anterior",224.242,83.4424,44.0247,15.2557
"Anterior",225.758,80.3085,52.2261,12.9789
"Anterior",227.273,80.6528,49.5814,14.0497
"Anterior",228.788,87.9175,46.4555,11.8504
"Anterior",230.303,80.6987,51.7913,11.7915
"Anterior",231.818,85.8223,53.4779,11.2355
"Anterior",233.333,83.3014,56.5447,11.6732
"Anterior",234.848,83.3042,52.7783,13.7949
"Anterior",236.364,88.9743,54.1405,12.3039
"Anterior",237.879,77.3587,51.2823,11.3409
"Anterior",239.394,81.1754,50.0597,10.8672
"Anterior",240.909,73.7671,48.1978,11.6985
"Anterior",242.424,72.4074,53.8155,9.7143
"Anterior",243.939,67.4819,44.1857,10.751
"Anterior",245.455,60.3308,45.7828,10.863
"Anterior",246.97,56.7651,43.7665,10.7515
"Anterior",248.485,57.7942,42.1623,11.6883
"Anterior",250,52.4637,40.914,9.5004
"Anterior",251.515,53.033,41.4505,10.641
"Anterior",253.03,53.3871,37.4989,10.2689
"Anterior",254.545,48.2357,34.8229,9.165
"Anterior",256.061,44.8232,34.2463,8.7577
"Anterior",257.576,43.2048,34.5356,7.748
"Anterior",259.091,37.4327,32.6487,7.4079
"Anterior",260.606,34.5043,27.7928,5.2928
"Anterior",262.121,29.6172,30.7618,5.8387
"Anterior",263.636,25.8775,26.3334,8.0884
"Anterior",265.152,19.1925,27.9897,6.8529
"Anterior",266.667,21.6629,24.2549,7.3937
"Anterior",268.182,21.1122,24.1497,7.4406
"Anterior",269.697,19.3706,22.1517,6.3806
"Anterior",271.212,21.0498,20.1067,5.7304
"Anterior",272.727,20.0869,20.0968,6.7571
"Anterior",274.242,26.7519,22.3696,6.6435
"Anterior",275.758,23.1168,21.1676,5.1838
"Anterior",277.273,26.0662,21.827,7.185
"Anterior",278.788,24.0681,20.6383,7.1266
"Anterior",280.303,21.6981,22.6524,5.7891
"Anterior",281.818,25.3646,20.1024,6.369
"Anterior",283.333,26.6138,19.3205,8.4698
"Anterior",284.848,24.8741,24.1283,7.2841
"Anterior",286.364,25.6306,23.9996,5.8515
"Anterior",287.879,26.2556,25.6859,7.3231
"Anterior",289.394,27.4364,27.2585,7.422
"Anterior",290.909,27.4711,28.3307,6.8539
"Anterior",292.424,27.5547,27.1231,6.8861
"Anterior",293.939,26.4931,24.9925,8.9396
"Anterior",295.455,27.0191,27.5109,6.5306
"Anterior",296.97,29.7482,26.264,7.1756
"Anterior",298.485,29.6873,29.4127,7.4068
"Anterior",300,29.1081,27.406,8.3794
"Anterior",301.515,31.5217,25.1172,7.2953
"Anterior",303.03,28.3943,21.2437,4.4254
"Anterior",304.545,31.9723,21.2797,6.6503
"Anterior",306.061,26.2256,24.0795,6.6379
"Anterior",307.576,29.3172,20.527,6.39
"Anterior",309.091,30.4353,20.6966,6.4791
"Anterior",310.606,32.4715,22.9414,8.138
"Anterior",312.121,30.155,23.0393,6.7996
"Anterior",313.636,26.8851,19.7089,5.4942
"Anterior",315.152,28.5008,21.3735,6.3994
"Anterior",316.667,28.6792,21.3623,6.7416
"Anterior",318.182,29.3042,21.2613,7.6521
"Anterior",319.697,24.2816,18.6744,6.7954
"Anterior",321.212,21.4165,15.8978,5.9832
"Anterior",322.727,20.4926,17.7693,6.2531
"Anterior",324.242,18.4349,17.7048,5.9937
"Anterior",325.758,21.8836,16.3045,5.1421
"Anterior",327.273,21.4144,20.0728,7.0635
"Anterior",328.788,22.3052,18.0206,7.4169
"Anterior",330.303,18.2071,19.1795,7.841
"Anterior",331.818,22.3062,24.0548,7.2868
"Anterior",333.333,26.7159,22.4193,6.2687
"Anterior",334.848,26.532,20.3782,5.8133
"Anterior",336.364,26.1621,18.751,7.717
"Anterior",337.879,26.836,18.8963,8.339
"Anterior",339.394,25.7548,21.1894,7.0167
"Anterior",340.909,26.3742,20.2483,8.1545
"Anterior",342.424,23.4024,16.2909,8.0924
"Anterior",343.939,22.244,17.2661,6.5383
"Anterior",345.455,24.7011,16.2391,8.7341
"Anterior",346.97,20.7804,18.7334,7.7064
"Anterior",348.485,22.9444,17.644,7.0116
"Anterior",350,21.0584,18.0903,6.4191
"Anterior",351.515,20.8942,17.3385,6.4137
"Anterior",353.03,21.4313,16.4732,5.8591
"Anterior",354.545,22.0687,20.501,7.2164
"Anterior",356.061,20.3925,16.567,6.5517
"Anterior",357.576,20.612,16.7293,7.3669
"Anterior",359.091,20.6769,19.2244,6.8159
"Anterior",360.606,20.0676,13.4332,7.0549
"Anterior",362.121,19.3854,14.9195,7.6004
"Anterior",363.636,23.2808,17.8605,7.497
"Anterior",365.152,23.9363,17.5405,6.6269
"Anterior",366.667,25.9398,21.7567,7.2759
"Anterior",368.182,23.56,17.54,5.5307
"Anterior",369.697,20.3947,14.4036,6.3977
"Anterior",371.212,24.05,16.0577,6.0927
"Anterior",372.727,19.5799,18.9712,4.8163
"Anterior",374.242,21.5239,17.3904,6.22
"Anterior",375.758,22.3003,15.9288,5.9299
"Anterior",377.273,23.4266,16.5361,6.1652
"Anterior",378.788,22.0292,15.4583,6.0964
"Intermediate",0,96.27,35.3493,22.1888
"Intermediate",1.515,96.816,34.4703,27.5922
"Intermediate",3.03,101.5849,33.9158,26.2697
"Intermediate",4.545,100.3963,36.5918,26.1786
"Intermediate",6.061,105.55,32.7822,24.5893
"Intermediate",7.576,101.5041,34.5699,26.4685
"Intermediate",9.091,100.0201,38.4624,24.8051
"Intermediate",10.606,98.5146,34.656,21.1473
"Intermediate",12.121,95.7963,34.0794,23.7621
"Intermediate",13.636,101.2888,34.5574,24.9281
"Intermediate",15.152,96.4019,37.6567,22.9172
"Intermediate",16.667,90.579,37.2769,21.0004
"Intermediate",18.182,95.2598,33.8136,25.2694
"Intermediate",19.697,88.6697,38.2994,22.6234
"Intermediate",21.212,99.7949,34.9789,21.1874
"Intermediate",22.727,102.539,33.303,24.5554
"Intermediate",24.242,96.6518,35.3991,26.0294
"Intermediate",25.758,95.1388,30.9522,23.9899
"Intermediate",27.273,88.6687,31.1381,20.4411
"Intermediate",28.788,93.9049,30.497,19.7077
"Intermediate",30.303,96.0835,33.4448,24.8244
"Intermediate",31.818,90.2735,32.8104,21.8283
"Intermediate",33.333,98.2419,33.3243,24.6666
"Intermediate",34.848,86.3619,32.0787,21.3559
"Intermediate",36.364,86.9736,32.1455,23.4044
"Intermediate",37.879,91.3503,33.1925,24.1176
"Intermediate",39.394,88.5604,32.9787,22.7136
"Intermediate",40.909,96.4431,32.2963,25.2787
"Intermediate",42.424,98.8899,33.5229,23.1745
"Intermediate",43.939,93.6524,32.5721,20.9459
"Intermediate",45.455,95.4881,31.106,20.7439
"Intermediate",46.97,95.9211,31.429,21.7434
"Intermediate",48.485,100.3866,29.4266,25.08
"Intermediate",50,99.4679,33.0024,25.361
"Intermediate",51.515,95.4871,33.0202,22.9791
"Intermediate",53.03,95.9097,28.4285,22.9352
"Intermediate",54.545,96.9332,31.3211,20.952
"Intermediate",56.061,93.4163,36.4596,25.1411
"Intermediate",57.576,95.9391,34.316,23.4932
"Intermediate",59.091,97.6204,33.7668,25.693
"Intermediate",60.606,99.4432,32.2743,21.345
"Intermediate",62.121,99.3876,33.1011,19.986
"Intermediate",63.636,95.7544,34.9634,23.5898
"Intermediate",65.152,94.8453,31.478,26.0339
"Intermediate",66.667,95.3679,36.8557,25.0806
"Intermediate",68.182,93.8335,32.9302,20.9443
"Intermediate",69.697,95.4592,36.5944,24.2313
"Intermediate",71.212,91.7393,33.7999,21.7901
"Intermediate",72.727,95.2803,34.0723,23.3378
"Intermediate",74.242,102.2096,34.8583,20.7707
"Intermediate",75.758,94.9357,34.6098,20.2616
"Intermediate",77.273,82.8447,28.6071,23.25
"Intermediate",78.788,83.8971,30.9305,21.0891
"Intermediate",80.303,94.7889,32.5337,26.0475
"Intermediate",81.818,96.4454,29.315,23.8706
"Intermediate",83.333,96.0136,33.0567,27.679
"Intermediate",84.848,96.7365,32.2018,22.7807
"Intermediate",86.364,94.1905,32.7388,21.0985
"Intermediate",87.879,95.1201,32.1569,22.8607
"Intermediate",89.394,98.6095,32.2416,26.4729
"Intermediate",90.909,91.1065,32.1066,24.0692
"Intermediate",92.424,93.1674,33.6643,26.1689
"Intermediate",93.939,101.8312,30.8761,23.5984
"Intermediate",95.455,93.5136,35.3085,19.9666
"Intermediate",96.97,94.0433,32.2193,24.5426
"Intermediate",98.485,90.5123,34.4349,20.4619
"Intermediate",100,96.6819,29.837,23.0157
"Intermediate",101.515,98.3814,30.4556,24.688
"Intermediate",103.03,93.7393,32.237,28.038
"Intermediate",104.545,85.5755,29.148,25.0484
"Intermediate",106.061,91.6806,34.2252,22.1378
"Intermediate",107.576,89.4568,30.1673,23.9398
"Intermediate",109.091,92.1798,34.4865,22.1126
"Intermediate",110.606,91.9792,37.6245,29.2455
"Intermediate",112.121,96.2038,35.8896,25.2604
"Intermediate",113.636,97.3325,34.3703,29.3396
"Intermediate",115.152,92.5176,35.7829,27.9478
"Intermediate",116.667,90.4885,32.3847,28.3012
"Intermediate",118.182,89.5301,29.6761,26.776
"Intermediate",119.697,89.7819,31.5093,26.2014
"Intermediate",121.212,88.5369,32.9218,27.3924
"Intermediate",122.727,91.561,27.9727,29.2109
"Intermediate",124.242,90.6738,28.8309,29.3372
"Intermediate",125.758,96.7779,29.5502,31.8412
"Intermediate",127.273,99.0976,32.7369,31.993
"Intermediate",128.788,93.9794,33.959,36.085
"Intermediate",130.303,90.3806,32.6969,33.2691
"Intermediate",131.818,93.9726,38.3042,29.8181
"Intermediate",133.333,92.0108,33.6126,34.2985
"Intermediate",134.848,89.586,34.6857,37.2994
"Intermediate",136.364,89.5584,36.5648,39.0417
"Intermediate",137.879,92.7438,32.4773,45.8657
"Intermediate",139.394,90.8289,33.2802,39.4704
"Intermediate",140.909,89.7024,33.5355,46.8007
"Intermediate",142.424,84.3891,30.9699,48.4046
"Intermediate",143.939,83.5685,33.4565,45.8469
"Intermediate",145.455,90.4695,30.7266,47.1268
"Intermediate",146.97,86.7931,32.0604,40.5314
"Intermediate",148.485,93.5753,29.4701,50.247
"Intermediate",150,85.167,30.4258,46.5175
"Intermediate",151.515,79.658,30.161,43.9093
"Intermediate",153.03,84.2935,30.0604,49.0679
"Intermediate",154.545,89.5369,28.0082,56.3343
"Intermediate",156.061,83.8201,31.7627,57.1262
"Intermediate",157.576,79.8905,29.402,55.5822
"Intermediate",159.091,83.9676,29.9658,55.0227
"Intermediate",160.606,82.7651,31.2052,56.3198
"Intermediate",162.121,81.1454,29.7378,60.4669
"Intermediate",163.636,78.7406,31.4981,72.7987
"Intermediate",165.152,82.0897,37.5116,69.483
"Intermediate",166.667,96.9291,38.2515,66.626
"Intermediate",168.182,94.2456,40.0201,66.8512
"Intermediate",169.697,84.4678,37.6941,70.7536
"Intermediate",171.212,82.6755,35.9205,63.0247
"Intermediate",172.727,92.0051,30.5057,65.523
"Intermediate",174.242,84.9732,34.6565,50.6515
"Intermediate",175.758,85.6241,33.1712,57.9041
"Intermediate",177.273,86.0177,34.8349,58.9467
"Intermediate",178.788,86.4561,33.2464,55.8453
"Intermediate",180.303,79.6468,30.3035,56.419
"Intermediate",181.818,87.6402,31.9,63.7572
"Intermediate",183.333,87.2641,33.6237,69.1293
"Intermediate",184.848,81.9055,33.469,63.9769
"Intermediate",186.364,84.8275,30.52,70.6628
"Intermediate",187.879,88.1395,35.4253,64.9034
"Intermediate",189.394,83.5013,30.274,56.4056
"Intermediate",190.909,84.5134,31.6358,61.2026
"Intermediate",192.424,84.7032,35.7275,54.337
"Intermediate",193.939,79.7939,32.842,52.8206
"Intermediate",195.455,86.7632,31.1153,54.8318
"Intermediate",196.97,86.8886,33.5051,53.5833
"Intermediate",198.485,95.7781,29.9231,62.0707
"Intermediate",200,84.3356,32.115,60.3789
"Intermediate",201.515,90.5154,29.13,58.3477
"Intermediate",203.03,83.9151,28.4915,56.9962
"Intermediate",204.545,93.498,31.1173,56.3609
"Intermediate",206.061,95.6128,30.3059,67.8484
"Intermediate",207.576,86.9128,30.0521,52.2147
"Intermediate",209.091,92.5238,27.3046,51.6412
"Intermediate",210.606,95.2452,28.4159,44.4459
"Intermediate",212.121,101.4564,32.7128,49.4368
"Intermediate",213.636,87.9658,29.1597,43.3204
"Intermediate",215.152,95.456,28.7042,48.1265
"Intermediate",216.667,100.0779,34.2017,49.1151
"Intermediate",218.182,99.2207,33.2628,47.6225
"Intermediate",219.697,93.7782,34.9807,45.2662
"Intermediate",221.212,87.9091,31.7909,43.141
"Intermediate",222.727,99.8222,35.054,41.9771
"Intermediate",224.242,101.3398,39.0172,40.3096
"Intermediate",225.758,105.491,36.379,34.2324
"Intermediate",227.273,94.0033,35.9297,35.4161
"Intermediate",228.788,100.4162,31.8022,31.5136
"Intermediate",230.303,101.698,32.0826,35.0531
"Intermediate",231.818,112.8759,35.3732,37.3587
"Intermediate",233.333,114.5428,37.3079,43.1859
"Intermediate",234.848,119.341,37.8842,37.7106
"Intermediate",236.364,111.1763,33.0819,37.027
"Intermediate",237.879,126.8862,38.4628,35.1739
"Intermediate",239.394,125.4531,41.9797,34.4135
"Intermediate",240.909,127.7826,41.6824,31.3962
"Intermediate",242.424,128.9854,47.9135,32.8586
"Intermediate",243.939,132.0878,45.1594,36.7311
"Intermediate",245.455,133.1823,46.7987,29.7224
"Intermediate",246.97,145.4523,54.3549,26.6965
"Intermediate",248.485,136.7946,58.2063,30.5318
"Intermediate",250,131.9428,52.0221,28.0084
"Intermediate",251.515,145.3388,52.8055,27.4057
"Intermediate",253.03,142.1093,49.4478,26.3454
"Intermediate",254.545,146.2085,52.1783,24.2095
"Intermediate",256.061,142.7111,54.5201,23.4162
"Intermediate",257.576,139.5041,54.5096,28.0136
"Intermediate",259.091,139.1502,51.592,30.7952
"Intermediate",260.606,141.8011,52.145,30.2814
"Intermediate",262.121,135.9953,53.5771,26.7122
"Intermediate",263.636,127.1612,59.0252,26.3654
"Intermediate",265.152,132.4432,54.2121,22.3084
"Intermediate",266.667,138.5556,57.7837,25.8076
"Intermediate",268.182,131.0002,58.2428,26.0112
"Intermediate",269.697,124.9793,57.8409,23.0636
"Intermediate",271.212,127.5394,56.8131,26.026
"Intermediate",272.727,115.0757,54.4496,20.7349
"Intermediate",274.242,119.4867,54.6912,21.3381
"Intermediate",275.758,116.3905,54.01,23.0535
"Intermediate",277.273,108.8622,52.0412,18.8129
"Intermediate",278.788,110.9178,55.756,22.1616
"Intermediate",280.303,116.4327,60.3784,24.402
"Intermediate",281.818,113.5436,54.0488,21.8929
"Intermediate",283.333,119.3125,55.8067,23.5242
"Intermediate",284.848,119.2385,56.7504,21.6243
"Intermediate",286.364,125.0035,57.466,23.8009
"Intermediate",287.879,108.9201,60.3721,21.865
"Intermediate",289.394,115.7852,68.006,20.8729
"Intermediate",290.909,122.9905,76.9551,24.1014
"Intermediate",292.424,117.1679,70.4767,27.1597
"Intermediate",293.939,119.0455,69.3042,21.9589
"Intermediate",295.455,116.7299,73.6172,23.7921
"Intermediate",296.97,120.9539,73.5202,24.4653
"Intermediate",298.485,123.4922,75.9779,22.1432
"Intermediate",300,118.5813,74.1029,21.327
"Intermediate",301.515,110.1321,66.1792,22.1439
"Intermediate",303.03,117.0021,62.3712,19.6819
"Intermediate",304.545,98.2229,68.0859,19.1802
"Intermediate",306.061,102.8109,69.2374,17.2429
"Intermediate",307.576,103.5531,67.771,20.2392
"Intermediate",309.091,101.9181,62.2554,22.0778
"Intermediate",310.606,109.2791,59.0673,20.9761
"Intermediate",312.121,109.2268,54.4279,20.4911
"Intermediate",313.636,111.5319,62.5067,20.6301
"Intermediate",315.152,102.7225,62.6184,18.1068
"Intermediate",316.667,103.1553,66.9197,18.3328
"Intermediate",318.182,104.8954,62.6854,22.1469
"Intermediate",319.697,106.2811,64.9504,19.4691
"Intermediate",321.212,112.413,63.671,23.1405
"Intermediate",322.727,95.8209,72.6064,18.5998
"Intermediate",324.242,101.0326,69.0823,23.1939
"Intermediate",325.758,96.7025,71.4009,17.2345
"Intermediate",327.273,94.3655,60.9888,17.9458
"Intermediate",328.788,95.0574,58.8071,20.8859
"Intermediate",330.303,99.481,63.7736,18.3694
"Intermediate",331.818,96.4299,62.4834,20.4366
"Intermediate",333.333,107.3465,67.1804,20.6295
"Intermediate",334.848,98.0144,64.4253,19.978
"Intermediate",336.364,92.0625,61.0981,17.8559
"Intermediate",337.879,102.7056,52.4538,17.7911
"Intermediate",339.394,95.165,57.379,17.6979
"Intermediate",340.909,90.048,50.37,20.3544
"Intermediate",342.424,94.4585,50.069,18.7882
"Intermediate",343.939,92.9584,52.554,19.0849
"Intermediate",345.455,92.1642,54.1333,19.2609
"Intermediate",346.97,92.2648,58.4621,17.0644
"Intermediate",348.485,98.842,61.5848,19.4039
"Intermediate",350,97.3068,70.2283,17.2584
"Intermediate",351.515,87.3382,64.7027,16.5814
"Intermediate",353.03,97.4278,68.3629,22.1992
"Intermediate",354.545,96.0608,67.3189,20.6692
"Intermediate",356.061,88.2352,66.5373,18.504
"Intermediate",357.576,83.0815,59.0492,21.2281
"Intermediate",359.091,88.8732,55.7128,20.1615
"Intermediate",360.606,86.972,48.1259,19.3997
"Intermediate",362.121,90.0862,50.6968,18.6095
"Intermediate",363.636,89.7127,55.0667,17.3643
"Intermediate",365.152,82.4199,53.443,20.3508
"Intermediate",366.667,82.3083,49.0283,18.2966
"Intermediate",368.182,86.3013,43.7303,19.3545
"Intermediate",369.697,95.3959,48.001,19.2499
"Intermediate",371.212,86.7898,50.2266,16.9639
"Intermediate",372.727,86.3452,46.4583,17.8125
"Intermediate",374.242,91.6333,45.6175,18.6915
"Intermediate",375.758,97.2581,43.9543,17.4702
"Intermediate",377.273,93.3408,41.8195,19.2523
"Intermediate",378.788,96.3566,50.6806,18.2788
"Intermediate",380.303,98.1641,52.8172,19.2349
"Intermediate",381.818,98.525,52.4866,18.2688
"Intermediate",383.333,88.5556,54.4157,18.412
"Intermediate",384.848,88.3106,59.6018,19.5943
"Intermediate",386.364,93.4091,60.6574,22.6893
"Intermediate",387.879,92.263,54.2361,19.9172
"Intermediate",389.394,91.9338,62.4204,21.7985
"Intermediate",390.909,100.4858,63.7703,20.1163
"Intermediate",392.424,95.0489,66.3343,21.1268
"Intermediate",393.939,89.9793,65.5493,19.7183
"Intermediate",395.455,90.4427,60.0803,19.9532
"Intermediate",396.97,91.8732,51.5565,20.1535
"Intermediate",398.485,91.1174,47.5748,20.5195
"Intermediate",400,79.7469,50.8245,19.6533
"Intermediate",401.515,85.5352,47.222,23.4774
"Intermediate",403.03,83.2446,41.2698,19.1525
"Intermediate",404.545,85.4777,40.726,19.0245
"Intermediate",406.061,85.1225,42.1886,18.2009
"Intermediate",407.576,88.7596,44.7577,20.1265
"Intermediate",409.091,87.9151,44.9829,20.1886
"Intermediate",410.606,85.9295,43.8891,20.3667
"Intermediate",412.121,81.2769,46.5182,16.5667
"Intermediate",413.636,84.6804,45.3552,18.8167
"Posterior",0,89.6848,45.2039,22.5758
"Posterior",1.515,95.2875,48.8109,22.1695
"Posterior",3.03,92.7244,42.5685,23.2954
"Posterior",4.545,90.3557,44.7626,24.4371
"Posterior",6.061,88.5482,47.0166,21.0907
"Posterior",7.576,94.5161,43.0497,26.7847
"Posterior",9.091,95.6596,44.1338,23.8845
"Posterior",10.606,99.5797,42.0916,23.9231
"Posterior",12.121,90.1971,46.7378,23.698
"Posterior",13.636,93.5057,43.7257,22.8064
"Posterior",15.152,101.2669,43.881,23.8034
"Posterior",16.667,106.6293,47.3139,29.1463
"Posterior",18.182,107.8383,43.4388,28.3043
"Posterior",19.697,94.7609,48.3542,29.1056
"Posterior",21.212,96.4318,44.4774,22.62
"Posterior",22.727,97.3681,44.4975,24.9162
"Posterior",24.242,93.7255,41.8559,20.5176
"Posterior",25.758,89.3756,41.3331,23.4849
"Posterior",27.273,93.9324,43.6772,23.9796
"Posterior",28.788,90.5479,39.6019,22.3377
"Posterior",30.303,93.8259,44.1887,21.3807
"Posterior",31.818,92.0548,43.5011,20.2143
"Posterior",33.333,96.3591,42.0341,23.1521
"Posterior",34.848,95.3187,44.2285,25.7926
"Posterior",36.364,88.089,40.453,28.5134
"Posterior",37.879,91.6481,40.1703,23.3608
"Posterior",39.394,86.4424,38.4982,20.4517
"Posterior",40.909,87.7561,44.0635,18.7303
"Posterior",42.424,92.23,46.3535,25.1242
"Posterior",43.939,89.899,43.7829,25.1628
"Posterior",45.455,88.8283,42.8372,19.4605
"Posterior",46.97,90.4039,43.5181,22.3953
"Posterior",48.485,85.4305,40.205,21.858
"Posterior",50,85.0871,42.3644,24.767
"Posterior",51.515,85.0648,39.7716,24.9676
"Posterior",53.03,85.7332,43.6336,24.3023
"Posterior",54.545,87.4562,40.7283,24.8818
"Posterior",56.061,93.3796,37.9266,24.2608
"Posterior",57.576,88.3616,37.3176,25.0473
"Posterior",59.091,95.0433,41.2409,25.3042
"Posterior",60.606,84.7092,40.0852,24.0759
"Posterior",62.121,83.4956,37.8197,22.8455
"Posterior",63.636,79.1318,37.9077,21.5212
"Posterior",65.152,83.2333,40.7473,21.4517
"Posterior",66.667,88.2349,35.1062,23.6792
"Posterior",68.182,86.2056,38.0554,19.9755
"Posterior",69.697,81.4555,33.4696,19.998
"Posterior",71.212,83.187,34.1744,26.1871
"Posterior",72.727,85.5288,38.9254,23.7596
"Posterior",74.242,83.1993,39.4262,22.7757
"Posterior",75.758,81.9791,38.6156,24.9743
"Posterior",77.273,78.6746,35.9374,21.4255
"Posterior",78.788,82.3055,35.4723,23.4127
"Posterior",80.303,79.6873,31.8373,22.8848
"Posterior",81.818,84.766,34.4474,24.2534
"Posterior",83.333,76.3035,35.1989,25.1812
"Posterior",84.848,81.8103,34.7023,26.1262
"Posterior",86.364,86.0695,34.6464,24.0655
"Posterior",87.879,85.9241,38.0221,24.3509
"Posterior",89.394,78.6048,32.9388,25.9752
"Posterior",90.909,79.3718,37.059,29.1754
"Posterior",92.424,84.4989,33.6823,31.0511
"Posterior",93.939,89.6408,34.2605,25.0495
"Posterior",95.455,82.1045,36.2069,30.5195
"Posterior",96.97,79.877,33.0323,27.1143
"Posterior",98.485,90.9509,33.5433,29.2303
"Posterior",100,82.3252,38.6603,31.1605
"Posterior",101.515,81.1183,34.8939,31.2578
"Posterior",103.03,79.2382,34.4008,33.1343
"Posterior",104.545,78.2327,32.2452,30.518
"Posterior",106.061,79.5717,36.6773,30.2674
"Posterior",107.576,75.5558,34.7321,33.7536
"Posterior",109.091,79.2789,38.327,37.4543
"Posterior",110.606,81.1398,34.8564,39.3375
"Posterior",112.121,80.3178,34.3083,38.9608
"Posterior",113.636,85.3411,37.2579,38.485
"Posterior",115.152,78.6754,35.341,40.6496
"Posterior",116.667,81.1108,37.5004,39.9387
"Posterior",118.182,84.8298,37.2651,39.7127
"Posterior",119.697,77.0865,34.6521,38.6176
"Posterior",121.212,79.4386,34.9506,38.9397
"Posterior",122.727,80.2647,33.9595,45.7837
"Posterior",124.242,76.5945,31.1024,50.4766
"Posterior",125.758,74.4888,34.7694,49.7466
"Posterior",127.273,77.9089,29.8046,51.4736
"Posterior",128.788,77.437,30.7557,58.8247
"Posterior",130.303,82.931,29.4883,71.7227
"Posterior",131.818,70.5873,28.8058,60.8201
"Posterior",133.333,70.6777,34.2111,66.0416
"Posterior",134.848,78.1887,32.8373,66.2105
"Posterior",136.364,76.7906,29.8478,82.8365
"Posterior",137.879,80.2863,30.2882,72.1653
"Posterior",139.394,86.4456,31.0176,74.3284
"Posterior",140.909,74.0603,29.1236,73.327
"Posterior",142.424,70.3877,31.5862,76.3954
"Posterior",143.939,77.8029,28.8906,75.4326
"Posterior",145.455,76.1028,31.6713,81.6204
"Posterior",146.97,81.5686,33.1158,76.9072
"Posterior",148.485,81.0542,33.18,75.5635
"Posterior",150,84.0227,33.4859,70.2978
"Posterior",151.515,81.9438,34.2496,77.6476
"Posterior",153.03,81.9779,34.1769,81.0689
"Posterior",154.545,78.9203,33.133,80.6255
"Posterior",156.061,72.9097,34.5162,84.739
"Posterior",157.576,76.0472,33.3644,93.1392
"Posterior",159.091,86.6642,32.8241,89.6596
"Posterior",160.606,81.2645,33.7097,91.1994
"Posterior",162.121,76.4847,33.6938,95.7549
"Posterior",163.636,87.6328,37.077,107.7451
"Posterior",165.152,88.8748,37.5692,103.2746
"Posterior",166.667,83.3436,35.782,100.5734
"Posterior",168.182,85.9119,36.7296,96.6262
"Posterior",169.697,87.8119,42.4957,101.4115
"Posterior",171.212,93.399,47.0192,104.5203
"Posterior",172.727,90.7361,42.7797,98.8663
"Posterior",174.242,79.5284,44.1779,106.2292
"Posterior",175.758,85.6167,39.4404,102.3215
"Posterior",177.273,85.2545,41.1222,107.2793
"Posterior",178.788,89.8099,44.2229,108.3135
"Posterior",180.303,82.9496,42.1575,109.0428
"Posterior",181.818,80.8249,39.715,84.3075
"Posterior",183.333,91.0965,36.0986,82.275
"Posterior",184.848,86.8137,40.1479,98.2563
"Posterior",186.364,95.3607,40.7589,94.0787
"Posterior",187.879,87.331,41.9799,83.6571
"Posterior",189.394,90.9126,42.5696,82.9308
"Posterior",190.909,98.5846,41.2059,83.2993
"Posterior",192.424,105.9121,43.6127,84.9878
"Posterior",193.939,94.3393,46.6721,90.0983
"Posterior",195.455,103.0291,48.2049,86.377
"Posterior",196.97,99.3966,49.7534,83.6995
"Posterior",198.485,93.1741,49.1116,78.2224
"Posterior",200,93.5796,47.3262,75.3246
"Posterior",201.515,96.7386,49.0294,75.033
"Posterior",203.03,97.3413,43.9518,73.1533
"Posterior",204.545,96.2199,45.8107,72.8619
"Posterior",206.061,89.9051,47.3354,65.3295
"Posterior",207.576,98.5385,49.1699,61.8272
"Posterior",209.091,99.9499,49.61,62.4317
"Posterior",210.606,106.3416,51.5658,62.1338
"Posterior",212.121,101.4658,52.3205,58.3779
"Posterior",213.636,100.0952,52.5749,59.4318
"Posterior",215.152,97.7741,55.8814,65.7602
"Posterior",216.667,106.118,56.0438,55.5565
"Posterior",218.182,97.239,57.2183,54.8471
"Posterior",219.697,100.6692,53.6247,56.6841
"Posterior",221.212,100.4062,48.6362,47.3601
"Posterior",222.727,105.0959,53.4919,43.974
"Posterior",224.242,106.31,55.5578,43.4084
"Posterior",225.758,102.2883,62.609,38.746
"Posterior",227.273,103.8149,72.6366,42.2673
"Posterior",228.788,107.0571,73.8191,44.2339
"Posterior",230.303,111.031,77.0654,42.0308
"Posterior",231.818,113.5528,76.7284,39.5105
"Posterior",233.333,119.7561,74.1033,33.6412
"Posterior",234.848,104.5425,69.7122,29.3567
"Posterior",236.364,100.4702,64.8956,28.0695
"Posterior",237.879,103.2335,68.0994,29.4058
"Posterior",239.394,117.4482,75.1369,29.6196
"Posterior",240.909,121.0875,71.5053,26.0614
"Posterior",242.424,118.0722,75.2689,25.2368
"Posterior",243.939,120.0729,73.2592,26.2694
"Posterior",245.455,117.3005,76.2815,26.4139
"Posterior",246.97,104.9622,77.3171,24.9873
"Posterior",248.485,114.3778,72.3547,27.0428
"Posterior",250,107.1766,75.4453,26.3473
"Posterior",251.515,111.0828,74.6536,22.797
"Posterior",253.03,112.1418,76.7315,25.1853
"Posterior",254.545,107.0597,76.3207,23.3055
"Posterior",256.061,109.9368,78.1407,22.8129
"Posterior",257.576,98.2259,66.3356,24.7425
"Posterior",259.091,99.1454,59.7355,24.0371
"Posterior",260.606,97.1584,59.5654,20.4967
"Posterior",262.121,103.7925,66.7274,21.8858
"Posterior",263.636,111.5911,66.1467,23.383
"Posterior",265.152,100.1095,68.8396,18.9398
"Posterior",266.667,96.3734,67.8069,16.8403
"Posterior",268.182,94.4955,64.9155,17.8089
"Posterior",269.697,100.9345,68.308,20.2677
"Posterior",271.212,100.1938,69.1035,19.7711
"Posterior",272.727,95.5094,58.803,21.2774
"Posterior",274.242,98.8111,62.2043,20.0649
"Posterior",275.758,104.8702,53.6432,17.8204
"Posterior",277.273,99.0178,59.2597,20.4357
"Posterior",278.788,105.9215,63.2022,18.7878
"Posterior",280.303,105.6349,59.824,24.3016
"Posterior",281.818,108.8207,63.7467,21.4304
"Posterior",283.333,109.8119,66.5732,24.0944
"Posterior",284.848,118.7221,70.3499,25.2535
"Posterior",286.364,112.1413,71.1524,22.6198
"Posterior",287.879,114.4462,65.9475,23.569
"Posterior",289.394,118.8811,68.7238,21.8302
"Posterior",290.909,116.3496,74.0005,23.6441
"Posterior",292.424,113.1535,74.1558,26.2587
"Posterior",293.939,115.4303,72.9629,20.0676
"Posterior",295.455,102.0237,60.8372,21.8023
"Posterior",296.97,93.0645,60.3239,24.0887
"Posterior",298.485,96.6287,55.721,23.2201
"Posterior",300,96.25,63.9126,21.3252
"Posterior",301.515,96.4407,63.6138,19.6975
"Posterior",303.03,96.4615,62.2108,21.1694
"Posterior",304.545,103.4051,57.2809,23.166
"Posterior",306.061,97.7449,63.1039,20.3358
"Posterior",307.576,91.1983,69.246,20.7627
"Posterior",309.091,87.8926,63.5412,21.9257
"Posterior",310.606,90.4892,61.6062,19.4383
"Posterior",312.121,97.3881,62.7463,22.5004
"Posterior",313.636,94.9015,60.9271,21.0678
"Posterior",315.152,92.6591,63.7543,22.0106
"Posterior",316.667,93.3864,55.719,21.1785
"Posterior",318.182,90.4503,54.9418,19.7283
"Posterior",319.697,91.9435,55.0529,19.2295
"Posterior",321.212,83.0326,55.8475,20.0225
"Posterior",322.727,84.0886,60.0661,17.7649
"Posterior",324.242,86.6904,51.9912,17.9
"Posterior",325.758,89.3902,52.0425,19.567
"Posterior",327.273,91.3642,51.8724,19.174
"Posterior",328.788,87.2229,48.9574,16.0629
"Posterior",330.303,84.6179,49.9504,20.4213
"Posterior",331.818,93.5339,57.9114,22.7487
"Posterior",333.333,94.6774,54.3944,20.9873
"Posterior",334.848,86.6701,53.5252,19.8701
"Posterior",336.364,80.7581,50.8992,17.7809
"Posterior",337.879,92.1053,50.724,20.1999
"Posterior",339.394,87.4335,48.5614,18.6773
"Posterior",340.909,89.2195,49.0966,19.3187
"Posterior",342.424,80.7283,46.199,20.5234
"Posterior",343.939,82.052,47.5402,19.6851
"Posterior",345.455,83.0042,47.6165,20.591
"Posterior",346.97,84.3776,42.7782,22.4083
"Posterior",348.485,79.1751,43.2802,22.9624
"Posterior",350,78.6417,45.2731,19.3839
"Posterior",351.515,79.5211,41.5273,20.6335
"Posterior",353.03,81.5658,43.695,20.1545
"Posterior",354.545,87.7709,43.8472,19.3843
"Posterior",356.061,77.3542,43.4558,19.4574
"Posterior",357.576,75.7683,41.693,17.7591
"Posterior",359.091,78.2774,39.6069,17.3512
"Posterior",360.606,83.0195,41.9747,19.5046
"Posterior",362.121,81.6346,46.2154,19.8287
"Posterior",363.636,77.5608,45.8832,18.4874
"Posterior",365.152,94.5302,46.2817,20.4547
"Posterior",366.667,86.1089,40.6933,21.1474
"Posterior",368.182,82.8723,41.5293,19.8961
"Posterior",369.697,81.3598,39.0288,19.0974
"Posterior",371.212,86.6304,41.4181,19.3201
"Posterior",372.727,78.049,40.1179,19.9036
"Posterior",374.242,81.4736,38.1113,19.2461
"Posterior",375.758,74.6171,36.5359,17.4783
"Posterior",377.273,73.9624,36.3769,17.4067
"Posterior",378.788,75.7465,35.9301,17.0821
"Posterior",380.303,72.7429,39.4109,19.3286
"Posterior",381.818,78.1993,37.2953,18.6254
"Posterior",383.333,78.1696,37.8748,19.7709
"Posterior",384.848,75.1127,38.7286,17.951
"Posterior",386.364,80.4061,36.189,20.5737
"Posterior",387.879,81.5401,31.7744,21.9043
"Posterior",389.394,76.344,34.5051,20.9361
"Posterior",390.909,73.9689,37.0972,19.6675
"Posterior",392.424,77.818,33.6827,23.3221
"Posterior",393.939,75.025,36.3087,18.8083
"Posterior",395.455,72.3366,32.4807,18.4687
"Posterior",396.97,78.2507,36.3109,17.0561
"Posterior",398.485,77.53,38.0216,18.2634
"Posterior",400,80.1035,37.3682,18.3068
"Posterior",401.515,77.4261,39.3719,19.4153
"Posterior",403.03,71.2365,45.2502,20.8294
"Posterior",404.545,79.1054,39.2116,19.8353
"Posterior",406.061,79.018,40.2709,19.174
"Posterior",407.576,85.3319,36.7029,18.3187
"Posterior",409.091,84.2366,37.0717,18.4369
"Posterior",410.606,82.4977,36.3337,18.931
"Posterior",412.121,75.4849,36.5721,18.7197
"Posterior",413.636,72.1443,36.8461,16.5709
"Posterior",415.152,79.9244,36.6527,18.2227
"Posterior",416.667,83.123,34.1434,18.7822
"Posterior",418.182,76.4777,34.9927,19.6273
"Posterior",419.697,75.4081,38.9257,17.0481
"Posterior",421.212,79.494,33.7476,15.2204
"Posterior",422.727,77.334,31.6734,18.0267
"Posterior",424.242,73.3452,29.1898,17.371
"Posterior",425.758,71.2264,28.112,18.7513
"Posterior",427.273,84.5365,29.8124,19.994
"Posterior",428.788,80.1178,34.1477,19.407
"Posterior",430.303,75.9696,33.2582,20.9925
"Posterior",431.818,73.9076,30.0961,22.3832
"Posterior",433.333,75.8055,30.7098,22.1133
"Posterior",434.848,82.0463,36.1364,20.1401
"Posterior",436.364,75.0287,33.6252,16.7478
"Posterior",437.879,70.0588,34.5727,19.0366
"Posterior",439.394,72.209,34.7638,18.4925
"Posterior",440.909,76.4984,32.2125,20.1647
"Posterior",442.424,79.4798,29.165,20.5652
"Posterior",443.939,78.5763,29.7874,19.9401
"Posterior",445.455,72.2717,33.6636,18.8625
"Posterior",446.97,71.3214,28.1423,14.5875
"Posterior",448.485,70.2777,30.4552,17.8863
"Posterior",450,67.031,27.865,16.386
"Posterior",451.515,67.3302,25.3018,19.5736
"Posterior",453.03,70.8723,33.1068,17.634
"Posterior",454.545,75.4583,32.4914,19.6978
"Posterior",456.061,78.5079,30.2591,19.2914
"Posterior",457.576,80.76,31.0406,19.7321
