"A.P.position","M.L.position","MSX1","SIX1","PAX7"
"Anterior",0,25.8304,34.0323,11.1323
"Anterior",1.515,25.2912,32.5092,12.8335
"Anterior",3.03,29.4363,31.1643,11.0824
"Anterior",4.545,32.0823,30.2315,10.4605
"Anterior",6.061,31.4053,39.506,12.2037
"Anterior",7.576,31.1792,33.9832,10.6089
"Anterior",9.091,28.0972,33.8477,11.3822
"Anterior",10.606,29.9602,33.9776,12.5811
"Anterior",12.121,29.6776,34.0344,11.9323
"Anterior",13.636,31.421,32.1823,12.0196
"Anterior",15.152,32.9905,35.5365,11.9184
"Anterior",16.667,32.3046,40.6484,12.2809
"Anterior",18.182,29.3839,34.3728,11.3379
"Anterior",19.697,32.6353,32.6474,11.5761
"Anterior",21.212,32.8564,31.4524,11.6955
"Anterior",22.727,30.611,35.5794,11.8765
"Anterior",24.242,32.3617,35.4907,11.6432
"Anterior",25.758,29.3995,35.2688,13.1276
"Anterior",27.273,31.8722,37.3651,12.6736
"Anterior",28.788,30.5557,33.2595,12.0714
"Anterior",30.303,29.3859,36.7985,12.493
"Anterior",31.818,32.152,38.2145,12.9166
"Anterior",33.333,33.4936,39.0483,12.3204
"Anterior",34.848,33.9009,37.27,10.2331
"Anterior",36.364,31.0763,37.0071,11.8995
"Anterior",37.879,34.8134,30.8653,11.3211
"Anterior",39.394,32.635,37.512,10.6139
"Anterior",40.909,31.8134,35.9375,13.5586
"Anterior",42.424,28.9982,40.0406,12.2121
"Anterior",43.939,33.7234,31.538,10.5901
"Anterior",45.455,33.4999,37.2917,11.8762
"Anterior",46.97,32.5168,40.1963,11.5479
"Anterior",48.485,28.9993,37.6162,12.6004
"Anterior",50,30.2237,34.6096,9.6352
"Anterior",51.515,31.9938,39.7072,12.4621
"Anterior",53.03,31.4073,44.2389,12.4723
"Anterior",54.545,32.6844,46.919,10.7595
"Anterior",56.061,31.2287,38.0858,10.4756
"Anterior",57.576,28.972,37.5015,13.3474
"Anterior",59.091,30.0639,39.7206,12.4023
"Anterior",60.606,30.5094,37.6244,12.3195
"Anterior",62.121,31.2275,38.0393,11.5264
"Anterior",63.636,29.5229,35.3698,11.8238
"Anterior",65.152,28.7365,44.7831,11.186
"Anterior",66.667,34.1248,41.5069,11.3264
"Anterior",68.182,27.9295,35.5606,11.7538
"Anterior",69.697,27.439,34.5232,10.6934
"Anterior",71.212,30.6085,35.4104,11.2341
"Anterior",72.727,28.2158,34.1235,9.8936
"Anterior",74.242,27.9104,32.3095,11.0145
"Anterior",75.758,29.2498,29.9516,10.513
"Anterior",77.273,27.9977,33.7425,10.3986
"Anterior",78.788,25.1044,31.238,10.9309
"Anterior",80.303,26.9545,29.9533,9.724
"Anterior",81.818,29.5645,32.3396,10.8567
"Anterior",83.333,27.0405,34.059,10.6374
"Anterior",84.848,28.6859,34.6149,9.3669
"Anterior",86.364,30.378,34.0658,10.067
"Anterior",87.879,28.4498,34.9252,11.4479
"Anterior",89.394,30.3929,35.5703,9.2763
"Anterior",90.909,30.1286,32.9266,9.4958
"Anterior",92.424,31.9905,36.6707,11.0573
"Anterior",93.939,31.337,36.7804,9.0476
"Anterior",95.455,25.7163,34.1731,11.9329
"Anterior",96.97,30.2516,33.4094,11.813
"Anterior",98.485,29.9605,34.0436,12.0719
"Anterior",100,25.5467,33.4072,9.2442
"Anterior",101.515,28.322,31.5569,10.1903
"Anterior",103.03,27.7978,34.7266,10.3451
"Anterior",104.545,30.0308,33.0379,9.0687
"Anterior",106.061,33.2441,34.6423,11.6605
"Anterior",107.576,28.1831,35.523,9.3123
"Anterior",109.091,32.459,34.4293,9.7811
"Anterior",110.606,31.4758,30.7365,11.6718
"Anterior",112.121,30.5494,28.6728,10.673
"Anterior",113.636,29.8012,26.5309,9.2487
"Anterior",115.152,32.6298,32.1422,11.1679
"Anterior",116.667,36.9357,35.5819,11.7848
"Anterior",118.182,30.2277,35.3532,11.3051
"Anterior",119.697,34.1889,37.2255,12.0873
"Anterior",121.212,34.6089,34.8041,9.5845
"Anterior",122.727,36.3878,36.1169,11.5848
"Anterior",124.242,34.4077,32.8658,9.4367
"Anterior",125.758,33.6197,32.6258,11.6183
"Anterior",127.273,32.3632,34.4376,11.6686
"Anterior",128.788,30.0133,30.2497,12.0423
"Anterior",130.303,30.6978,32.9098,10.5672
"Anterior",131.818,34.7525,32.3053,10.8477
"Anterior",133.333,32.8467,32.4748,12.1635
"Anterior",134.848,35.0933,32.863,12.4164
"Anterior",136.364,30.9362,31.3255,11.5599
"Anterior",137.879,32.9711,36.2112,12.1269
"Anterior",139.394,32.6188,29.5693,13.4891
"Anterior",140.909,37.2045,28.6072,13.051
"Anterior",142.424,39.7182,34.3469,12.6121
"Anterior",143.939,37.6306,34.1527,14.0653
"Anterior",145.455,37.3796,31.0193,14.66
"Anterior",146.97,37.9966,33.061,15.3562
"Anterior",148.485,33.0869,33.9809,12.78
"Anterior",150,36.2761,38.5636,12.2932
"Anterior",151.515,29.0658,35.0577,12.699
"Anterior",153.03,30.3707,31.6231,13.3788
"Anterior",154.545,33.9716,35.6349,13.9712
"Anterior",156.061,38.8515,38.5078,15.2114
"Anterior",157.576,40.1247,31.9058,17.1248
"Anterior",159.091,38.3379,32.9248,13.7678
"Anterior",160.606,42.1889,36.0502,18.0718
"Anterior",162.121,44.24,30.8954,15.4804
"Anterior",163.636,47.8463,34.1215,19.1152
"Anterior",165.152,49.1586,36.2571,21.8512
"Anterior",166.667,51.4212,35.5621,19.7254
"Anterior",168.182,50.108,35.213,19.079
"Anterior",169.697,55.147,34.6234,20.9902
"Anterior",171.212,55.4335,39.2385,19.2911
"Anterior",172.727,50.0088,32.185,20.5993
"Anterior",174.242,56.0189,29.1309,22.3433
"Anterior",175.758,54.2382,32.6756,22.3681
"Anterior",177.273,58.5605,29.5224,22.057
"Anterior",178.788,59.6354,34.1614,23.1295
"Anterior",180.303,62.2715,31.4071,21.3482
"Anterior",181.818,58.4468,28.652,22.8084
"Anterior",183.333,58.5465,30.1932,25.4696
"Anterior",184.848,63.8733,32.7684,24.7034
"Anterior",186.364,67.1472,35.2635,22.8477
"Anterior",187.879,73.9655,34.652,23.6795
"Anterior",189.394,72.3961,36.3172,24.1848
"Anterior",190.909,68.3691,37.5831,26.0612
"Anterior",192.424,73.3954,36.7094,23.8745
"Anterior",193.939,72.1922,37.2706,25.4768
"Anterior",195.455,70.8794,32.4471,25.7826
"Anterior",196.97,69.434,32.1283,23.4185
"Anterior",198.485,65.5177,34.2445,26.6408
"Anterior",200,69.3614,37.7864,26.0473
"Anterior",201.515,65.1046,35.7648,20.5676
"Anterior",203.03,73.3027,34.1848,24.4346
"Anterior",204.545,72.4311,34.0969,26.3914
"Anterior",206.061,74.0949,36.2433,22.9182
"Anterior",207.576,63.7801,28.8584,19.2493
"Anterior",209.091,70.6785,32.2235,23.0572
"Anterior",210.606,74.6981,34.7802,19.5978
"Anterior",212.121,81.4334,38.7679,19.6662
"Anterior",213.636,77.1319,39.1779,23.4894
"Anterior",215.152,84.1219,41.6607,29.1284
"Anterior",216.667,83.2393,37.3073,28.1876
"Anterior",218.182,93.6482,35.0821,23.0529
"Anterior",219.697,78.5369,38.6137,24.7686
"Anterior",221.212,77.466,39.5015,22.6296
"Anterior",222.727,74.6066,38.8137,24.0168
"Anterior",224.242,76.59,40.4414,26.4503
"Anterior",225.758,79.8199,42.8694,25.4735
"Anterior",227.273,73.0809,38.5241,22.8239
"Anterior",228.788,74.4833,35.3555,22.95
"Anterior",230.303,68.288,35.4846,26.361
"Anterior",231.818,65.7549,32.2168,23.6088
"Anterior",233.333,69.984,41.7273,21.3356
"Anterior",234.848,70.5471,36.0541,22.0022
"Anterior",236.364,69.4721,41.1539,19.2636
"Anterior",237.879,63.8073,37.1157,19.5341
"Anterior",239.394,65.962,35.3818,17.4573
"Anterior",240.909,62.4317,36.4335,18.4857
"Anterior",242.424,68.0228,36.042,23.6215
"Anterior",243.939,66.5484,37.8274,21.1409
"Anterior",245.455,64.4703,34.3172,18.2237
"Anterior",246.97,59.5079,36.0272,22.5445
"Anterior",248.485,65.1997,32.8981,20.0918
"Anterior",250,60.7671,38.7552,20.6838
"Anterior",251.515,62.1475,38.0204,19.4387
"Anterior",253.03,67.8774,40.1796,20.339
"Anterior",254.545,70.0505,35.8168,18.2713
"Anterior",256.061,74.9483,37.1347,18.5298
"Anterior",257.576,73.9958,41.3531,18.5652
"Anterior",259.091,80.3851,38.6607,20.5009
"Anterior",260.606,83.1541,38.6705,19.0617
"Anterior",262.121,82.809,41.5892,22.0728
"Anterior",263.636,74.0075,46.8026,17.4644
"Anterior",265.152,68.0444,45.8832,16.9151
"Anterior",266.667,60.5224,44.2659,16.8463
"Anterior",268.182,62.2505,39.1709,18.9359
"Anterior",269.697,68.1705,46.7914,19.6647
"Anterior",271.212,69.8458,45.9298,19.0702
"Anterior",272.727,78.5861,44.3703,16.8232
"Anterior",274.242,78.4161,46.4122,19.052
"Anterior",275.758,87.4986,44.2382,18.6191
"Anterior",277.273,91.7002,52.9833,21.9029
"Anterior",278.788,86.5474,51.7281,16.9659
"Anterior",280.303,76.3921,51.9862,19.1832
"Anterior",281.818,73.3865,49.5552,16.7966
"Anterior",283.333,72.3206,47.9053,18.9101
"Anterior",284.848,71.2067,49.9009,17.8247
"Anterior",286.364,67.1422,45.2177,17.0421
"Anterior",287.879,63.5613,51.3447,15.336
"Anterior",289.394,69.2837,56.9121,15.412
"Anterior",290.909,66.5398,48.4442,15.3954
"Anterior",292.424,64.1319,51.2519,14.1151
"Anterior",293.939,59.8928,49.1039,13.1792
"Anterior",295.455,60.7211,55.6453,12.8088
"Anterior",296.97,59.6758,54.0884,13.8441
"Anterior",298.485,54.0075,51.3712,12.8204
"Anterior",300,56.5152,50.1539,13.8854
"Anterior",301.515,48.6712,52.2175,11.64
"Anterior",303.03,51.8431,52.5483,12.3417
"Anterior",304.545,57.8545,49.2284,10.9676
"Anterior",306.061,60.6004,48.8649,13.5786
"Anterior",307.576,54.5862,51.9534,12.0332
"Anterior",309.091,49.7748,47.625,10.1517
"Anterior",310.606,42.8798,48.3051,10.513
"Anterior",312.121,39.9762,55.513,10.3275
"Anterior",313.636,39.829,48.5409,11.6246
"Anterior",315.152,42.0824,56.6731,11.0601
"Anterior",316.667,38.1207,48.2746,13.3105
"Anterior",318.182,44.5362,50.176,10.2009
"Anterior",319.697,41.2648,51.792,10.5394
"Anterior",321.212,44.246,56.1287,14.0469
"Anterior",322.727,41.4559,49.423,13.7787
"Anterior",324.242,46.5175,48.1437,11.7817
"Anterior",325.758,47.0582,44.0507,11.7713
"Anterior",327.273,47.2065,46.2609,12.104
"Anterior",328.788,50.0901,41.8709,13.1262
"Anterior",330.303,52.0264,51.6968,10.2948
"Anterior",331.818,48.0121,54.0872,12.1836
"Anterior",333.333,43.4826,47.5069,11.6981
"Anterior",334.848,42.7289,53.3908,10.2793
"Anterior",336.364,45.4298,57.7793,10.642
"Anterior",337.879,41.4334,57.2862,11.2842
"Anterior",339.394,37.9474,57.1241,10.6067
"Anterior",340.909,35.813,61.0926,11.2681
"Anterior",342.424,37.5978,57.8405,9.4831
"Anterior",343.939,35.4014,51.4303,11.4151
"Anterior",345.455,38.304,52.1901,11.9284
"Anterior",346.97,38.921,52.2756,10.0762
"Anterior",348.485,38.6061,57.8956,12.8794
"Anterior",350,34.8449,63.6917,10.2703
"Anterior",351.515,38.9525,66.6781,11.667
"Anterior",353.03,38.7722,58.376,10.684
"Anterior",354.545,39.597,51.4115,9.7411
"Anterior",356.061,37.1208,61.1982,11.1803
"Anterior",357.576,36.4749,56.0619,10.3239
"Anterior",359.091,36.6863,59.9122,10.7206
"Anterior",360.606,39.0509,58.946,13.7167
"Anterior",362.121,42.3375,65.4432,12.2107
"Anterior",363.636,42.9549,64.7993,11.7584
"Anterior",365.152,40.9748,69.7392,11.3401
"Anterior",366.667,41.0295,64.7898,11.0098
"Anterior",368.182,39.1274,63.3618,12.2952
"Anterior",369.697,39.2092,64.9322,10.3354
"Anterior",371.212,40.8966,71.7909,11.7195
"Anterior",372.727,39.2695,73.7469,12.719
"Anterior",374.242,37.8359,65.6417,11.0586
"Anterior",375.758,35.18,62.2138,11.9989
"Anterior",377.273,37.1768,64.172,11.7625
"Anterior",378.788,44.86,63.6605,13.8292
"Anterior",380.303,42.7727,58.1189,11.5255
"Anterior",381.818,40.1923,64.7947,11.1093
"Anterior",383.333,37.9211,64.7769,11.3414
"Anterior",384.848,33.8299,60.2446,13.2999
"Anterior",386.364,33.3818,53.31,10.6406
"Anterior",387.879,34.381,52.4074,13.1572
"Anterior",389.394,32.0401,46.9885,10.3282
"Anterior",390.909,29.5359,47.6248,8.2849
"Anterior",392.424,33.5585,43.8648,8.9634
"Anterior",393.939,28.0038,41.2253,9.8079
"Anterior",395.455,32.2308,44.4594,9.273
"Anterior",396.97,33.9548,45.3397,8.0932
"Anterior",398.485,32.3409,37.3536,8.1074
"Anterior",400,34.9376,40.6929,9.3302
"Anterior",401.515,35.9989,42.5797,7.6428
"Anterior",403.03,33.5175,38.6487,8.5231
"Anterior",404.545,31.392,38.3261,8.1455
"Anterior",406.061,30.253,32.4824,8.7769
"Anterior",407.576,31.7749,36.2968,6.9151
"Anterior",409.091,30.6087,34.384,7.3683
"Anterior",410.606,35.1035,32.853,6.6944
"Anterior",412.121,36.7953,30.8161,6.8853
"Anterior",413.636,37.8219,28.7807,8.8364
"Anterior",415.152,39.1589,27.444,9.8819
"Anterior",416.667,47.202,32.6475,7.2978
"Anterior",418.182,43.3564,33.4367,8.2543
"Anterior",419.697,41.6562,31.268,8.5231
"Anterior",421.212,40.7705,29.3429,8.1305
"Anterior",422.727,39.8466,27.7318,8.2981
"Anterior",424.242,38.4711,29.1119,8.455
"Intermediate",0,29.3,35.7667,9.3333
"Intermediate",1.515,28.3167,30.1333,10.5167
"Intermediate",3.03,25.4333,34.3167,11.7667
"Intermediate",4.545,24.1333,33.2333,12.3667
"Intermediate",6.061,25.4667,30.9167,9.9333
"Intermediate",7.576,27.1333,32.4167,12.0167
"Intermediate",9.091,24.9833,34.1667,12.8333
"Intermediate",10.606,27.9833,29.3833,10.9
"Intermediate",12.121,28.8167,34.4167,10.9167
"Intermediate",13.636,27.4667,37.7167,10.4
"Intermediate",15.152,29.95,34.05,14.4
"Intermediate",16.667,28.25,36.55,10.1667
"Intermediate",18.182,28.7167,37.5,13.6167
"Intermediate",19.697,30.55,35.1833,11.2833
"Intermediate",21.212,27.0167,33.8167,12.1
"Intermediate",22.727,26.1667,36.15,13.8333
"Intermediate",24.242,30.0667,34.0333,10.6167
"Intermediate",25.758,28.2,34.7833,12.9
"Intermediate",27.273,30.5167,33.3,11
"Intermediate",28.788,28.8167,35.35,12.3833
"Intermediate",30.303,29.5667,35.8,12.85
"Intermediate",31.818,30.8167,35.7667,10.7333
"Intermediate",33.333,28.4667,36.4667,11.7167
"Intermediate",34.848,28.5833,36.6833,9.6833
"Intermediate",36.364,31.9833,36.6,12.4
"Intermediate",37.879,27.0333,35.4667,10.5333
"Intermediate",39.394,30.2,39.7,11.4833
"Intermediate",40.909,29.6167,35.6833,11.2833
"Intermediate",42.424,27.8833,33.1333,11.4833
"Intermediate",43.939,29.6667,35.6333,12.8
"Intermediate",45.455,30.1,40.4,11.15
"Intermediate",46.97,34.5667,34.05,11.8167
"Intermediate",48.485,32.9833,35.2,11.9
"Intermediate",50,34.25,39.95,12.05
"Intermediate",51.515,30.5,40.0833,12.5
"Intermediate",53.03,31.55,40.6,12.95
"Intermediate",54.545,33.95,45.4333,13.5167
"Intermediate",56.061,33.3333,35.3167,12.7167
"Intermediate",57.576,33.0833,36.1167,12.1833
"Intermediate",59.091,33.5333,34.3667,10.7667
"Intermediate",60.606,32.2167,38.4667,11.7833
"Intermediate",62.121,32.3333,33.8167,11.4667
"Intermediate",63.636,30.9,36.55,10.5833
"Intermediate",65.152,33.1833,37.8,14.25
"Intermediate",66.667,36.65,44.7,10.9667
"Intermediate",68.182,34.35,38.7167,11.7167
"Intermediate",69.697,33.5667,40.4333,9.5333
"Intermediate",71.212,31.1167,37.2833,9.6
"Intermediate",72.727,34.9333,41.7833,11.0833
"Intermediate",74.242,31.7333,40.5167,10.3
"Intermediate",75.758,30.9,35.6167,10.9
"Intermediate",77.273,34.9833,41.55,12.0167
"Intermediate",78.788,33,39.7667,10.2333
"Intermediate",80.303,32.2833,36.3667,10.15
"Intermediate",81.818,32.35,41.5167,12.4167
"Intermediate",83.333,30.2167,35.5833,10.5333
"Intermediate",84.848,31.6,42.1667,11.0167
"Intermediate",86.364,29.8,38.5167,9.95
"Intermediate",87.879,32.75,39.15,9.6
"Intermediate",89.394,34.25,47.55,12.55
"Intermediate",90.909,29.4333,38.7833,12.7833
"Intermediate",92.424,31.7333,37.5333,10.2333
"Intermediate",93.939,34.0333,36.3833,12.0667
"Intermediate",95.455,34.1833,39.1167,9.35
"Intermediate",96.97,32.9667,40.4167,10.7167
"Intermediate",98.485,33.7167,36.9167,11.3
"Intermediate",100,34.3333,40.7667,8.8167
"Intermediate",101.515,29.8167,39.3333,9.95
"Intermediate",103.03,30.8167,34.5667,11.3833
"Intermediate",104.545,34.9667,37.5833,10.2
"Intermediate",106.061,34.2333,35.8,10.9333
"Intermediate",107.576,32.95,40.55,11.6333
"Intermediate",109.091,34.6833,33,11.2
"Intermediate",110.606,32.3,38.8,10.65
"Intermediate",112.121,34.2167,36.4833,11.05
"Intermediate",113.636,31.4167,40.3333,13.5833
"Intermediate",115.152,29.0333,33.5167,10.9333
"Intermediate",116.667,34.8333,36.1667,9.2
"Intermediate",118.182,33.9333,43.2167,11.2167
"Intermediate",119.697,33.75,37.7,13.4333
"Intermediate",121.212,32.0333,35.6667,10.5333
"Intermediate",122.727,33.7333,37.4333,11.4833
"Intermediate",124.242,36.8833,39.95,11.1333
"Intermediate",125.758,40.4833,39.55,14.1167
"Intermediate",127.273,40.2667,41.2167,12.3333
"Intermediate",128.788,40.7833,38.2667,12.35
"Intermediate",130.303,36.75,38.2833,11.6667
"Intermediate",131.818,37.15,37.8833,13.4333
"Intermediate",133.333,36.1667,43.0167,14.4
"Intermediate",134.848,38.2667,42.7833,14.05
"Intermediate",136.364,40.0667,40.05,13.6
"Intermediate",137.879,38.5333,39.3333,16.65
"Intermediate",139.394,39.8833,39.3833,12.6333
"Intermediate",140.909,35.8333,40.3333,16.65
"Intermediate",142.424,43.2833,35.25,17.7167
"Intermediate",143.939,46.0333,43.4333,19.7667
"Intermediate",145.455,39.2833,38.3667,18.4833
"Intermediate",146.97,39.95,37.95,19.6667
"Intermediate",148.485,36.45,38.15,19.6667
"Intermediate",150,40.35,43.9667,14.55
"Intermediate",151.515,41.8333,40,17.05
"Intermediate",153.03,42.6833,32.95,20.8333
"Intermediate",154.545,45,40.55,22.5
"Intermediate",156.061,41.4667,40.0667,19.4833
"Intermediate",157.576,43.85,38.8,19.55
"Intermediate",159.091,43.2667,38.4333,17.8
"Intermediate",160.606,48.5,44.55,22.5833
"Intermediate",162.121,47.4667,41,20.55
"Intermediate",163.636,46.9167,40.4833,19.8833
"Intermediate",165.152,53.1,42.5,21.55
"Intermediate",166.667,50.8833,42.85,24.4333
"Intermediate",168.182,51.2167,35.05,26.25
"Intermediate",169.697,46.35,44.0667,28.7833
"Intermediate",171.212,48.5333,38.0667,23.9
"Intermediate",172.727,53.1667,37.6833,25.8833
"Intermediate",174.242,52.2667,39.0333,27.35
"Intermediate",175.758,60.9333,43.6333,31.6333
"Intermediate",177.273,66.6333,43.1667,28.7167
"Intermediate",178.788,64.05,40.55,36.1333
"Intermediate",180.303,65.6667,37.8667,29.65
"Intermediate",181.818,71.8,34.6667,30.6667
"Intermediate",183.333,73.15,38.7167,30.35
"Intermediate",184.848,69.05,38.0667,35.3333
"Intermediate",186.364,68.4833,38.8333,32.85
"Intermediate",187.879,69.1333,40.5167,31.5167
"Intermediate",189.394,61.2333,37,31.4833
"Intermediate",190.909,63.0167,38.4667,32.1
"Intermediate",192.424,67.3333,38.65,34.1
"Intermediate",193.939,65.0167,34.0833,36.2833
"Intermediate",195.455,64.45,40.6167,34.9
"Intermediate",196.97,76.0333,38.3333,30.4333
"Intermediate",198.485,80.2167,37.8,38.1167
"Intermediate",200,84.7833,36.9333,39.9333
"Intermediate",201.515,91.8167,36.7667,35.2667
"Intermediate",203.03,92.85,39.6,36.1167
"Intermediate",204.545,86.25,34.95,33.3667
"Intermediate",206.061,84.1833,36.4833,37.3333
"Intermediate",207.576,89.85,38,36.1167
"Intermediate",209.091,89.75,35.5333,38.3333
"Intermediate",210.606,91.3833,38.6833,35.1333
"Intermediate",212.121,96.25,36.8667,36.6833
"Intermediate",213.636,97,41.9667,38.9833
"Intermediate",215.152,106.2,36.1333,39.9833
"Intermediate",216.667,104.8167,38.5167,44.25
"Intermediate",218.182,108.0333,39.0833,43.2333
"Intermediate",219.697,104.6167,42.2,35.8333
"Intermediate",221.212,99.6333,39.95,40.1
"Intermediate",222.727,96.2833,41.5333,38.3167
"Intermediate",224.242,101.85,40.6667,36.4333
"Intermediate",225.758,107.85,43.8667,40.85
"Intermediate",227.273,103.1667,41.1667,42.5167
"Intermediate",228.788,108.4,43,41.6833
"Intermediate",230.303,109.2333,41.7333,36.3333
"Intermediate",231.818,106.4667,47.1167,39.4167
"Intermediate",233.333,108.4,44.7167,44
"Intermediate",234.848,115.6667,48.2167,40.35
"Intermediate",236.364,120.5833,53.5833,34.7333
"Intermediate",237.879,112.7333,51.8,40.2833
"Intermediate",239.394,114.7167,52.1667,40.05
"Intermediate",240.909,116.6667,48.9833,36.6167
"Intermediate",242.424,111.9833,47.3,34.0833
"Intermediate",243.939,110.0833,50.0667,42.9833
"Intermediate",245.455,114.05,50.55,39.2833
"Intermediate",246.97,108.1167,50.1,37.3167
"Intermediate",248.485,103.5667,51.4667,33.4
"Intermediate",250,104.05,53.5333,29.8167
"Intermediate",251.515,95.5833,52.1833,35.8667
"Intermediate",253.03,95.75,58.2167,31.85
"Intermediate",254.545,86.9333,62.4167,30.9
"Intermediate",256.061,78.95,50.25,28.55
"Intermediate",257.576,71.9333,48.7833,24.95
"Intermediate",259.091,67.6667,51.3667,26.2167
"Intermediate",260.606,62.8833,48.8833,21.5667
"Intermediate",262.121,59.0333,47.9,23.35
"Intermediate",263.636,63.0667,44.0667,20.8833
"Intermediate",265.152,59.5833,51.25,19.95
"Intermediate",266.667,60.7167,54.7667,23.1167
"Intermediate",268.182,60.85,54.7833,22.6167
"Intermediate",269.697,61.8333,54.1167,19.7333
"Intermediate",271.212,56.0333,55.5167,17.0167
"Intermediate",272.727,59.4667,52.6333,19.4333
"Intermediate",274.242,52.3667,60.9333,18.1333
"Intermediate",275.758,54.1333,55.9667,16.6833
"Intermediate",277.273,55.0833,51.9,18.5
"Intermediate",278.788,49.85,61.0667,15.9
"Intermediate",280.303,45.7333,54.2833,17.45
"Intermediate",281.818,47.2667,57.0333,17.05
"Intermediate",283.333,43.4333,55.95,14.7833
"Intermediate",284.848,38.25,57.15,14.1667
"Intermediate",286.364,35.4667,56.25,13.2833
"Intermediate",287.879,37.5667,49.3,12.2167
"Intermediate",289.394,35.1167,57.3,11
"Intermediate",290.909,37.8167,57.35,9.7667
"Intermediate",292.424,31.9333,54.5167,10.9167
"Intermediate",293.939,29.6333,54.7,10.5333
"Intermediate",295.455,32.1333,58.2,10.6333
"Intermediate",296.97,32.4667,52.9833,11.2167
"Intermediate",298.485,30.4833,50.4667,10.9667
"Intermediate",300,30.1167,57.8667,11.0667
"Intermediate",301.515,28.3333,58.9333,9.9833
"Intermediate",303.03,28.5333,55.65,7.4833
"Intermediate",304.545,28.5667,61.3333,10.7667
"Intermediate",306.061,26.0667,53.6333,9.4667
"Intermediate",307.576,26.9667,58.9,11.1
"Intermediate",309.091,27.7,56.85,9.7
"Intermediate",310.606,26.2833,48.7167,9.75
"Intermediate",312.121,28.4333,55.8667,10.2667
"Intermediate",313.636,32.6,54.7667,11.1667
"Intermediate",315.152,35.05,56.5833,11.1667
"Intermediate",316.667,28.9667,57.35,9.4667
"Intermediate",318.182,34.7,55.5167,9.65
"Intermediate",319.697,29.9667,49.6,10.1167
"Intermediate",321.212,26.3167,48.8167,8.5833
"Intermediate",322.727,29.8833,47.7333,8.1667
"Intermediate",324.242,28.6667,48.6833,9.7
"Intermediate",325.758,30.6167,47.4333,10.7
"Intermediate",327.273,32.55,46.0333,10.3667
"Intermediate",328.788,28.8,47.4333,10.8667
"Intermediate",330.303,30.0667,45.2,10.4667
"Intermediate",331.818,30.6667,42.3667,10.1167
"Intermediate",333.333,27.3,43.0833,9.5167
"Intermediate",334.848,22.9833,45.1167,9.5833
"Intermediate",336.364,23.1667,44.05,9.5833
"Intermediate",337.879,25.2167,47.7667,8.15
"Intermediate",339.394,24.6833,43.2,9.8333
"Intermediate",340.909,22.0167,49.45,10.3167
"Intermediate",342.424,26.6333,54.8,9.8
"Intermediate",343.939,27.65,45.0167,8.5833
"Intermediate",345.455,23.05,41.4,10.5833
"Intermediate",346.97,25.5167,43.5833,7.2333
"Intermediate",348.485,25.5167,44.6333,9.6333
"Intermediate",350,27.1,48.25,8.4167
"Intermediate",351.515,26,41.05,9.9167
"Intermediate",353.03,26.7,45.8833,11.1167
"Intermediate",354.545,24.65,38.2167,8.5333
"Intermediate",356.061,24.3833,46.2167,8.5167
"Intermediate",357.576,25.5667,46.8167,9.9167
"Intermediate",359.091,30.85,45.3,10.3833
"Intermediate",360.606,30.3333,48.8333,8.9167
"Intermediate",362.121,30.85,47.8333,7.7333
"Intermediate",363.636,30.3333,44.6,8.6167
"Intermediate",365.152,29.9667,42.4167,9.2667
"Intermediate",366.667,30.3167,42.45,9.6833
"Intermediate",368.182,26.9167,41.6167,10.9
"Intermediate",369.697,30.4167,45.7,9.0833
"Intermediate",371.212,28.65,42.3167,8.2833
"Intermediate",372.727,31.65,40.5833,9.4833
"Intermediate",374.242,29.5167,42.5167,9.1167
"Intermediate",375.758,28.5333,34.4667,9.0833
"Intermediate",377.273,31.9167,44.95,9.1833
"Intermediate",378.788,30.9167,41.6667,9.6
"Intermediate",380.303,28.3667,40.45,7.7333
"Intermediate",381.818,26.7333,40.45,9.4167
"Intermediate",383.333,31.9833,46.05,7.9
"Intermediate",384.848,31.6667,44.9167,7
"Intermediate",386.364,31.2833,42.3,9.0667
"Intermediate",387.879,33.8667,40.1,9.7167
"Intermediate",389.394,34.2,36.5167,9.9
"Intermediate",390.909,30.8833,39.95,6.8667
"Intermediate",392.424,32.4833,42.5333,9.4667
"Intermediate",393.939,31.2,38.75,10.2667
"Intermediate",395.455,30.0167,41.6333,7.65
"Intermediate",396.97,31.4667,41.0667,6.7
"Intermediate",398.485,33.9167,40.1,7.55
"Intermediate",400,30.3833,39.8,10.5167
"Intermediate",401.515,34.8,43.9167,8.2833
"Intermediate",403.03,29.95,38.4,8.4667
"Intermediate",404.545,33.0667,35.3167,7.9
"Intermediate",406.061,31.2667,37.2667,7.0167
"Intermediate",407.576,33.3667,43.7833,6.8833
"Intermediate",409.091,37.0667,40.2167,8.55
"Intermediate",410.606,35.9333,32.8,7.0333
"Intermediate",412.121,35,28.9,7.9667
"Intermediate",413.636,36.0833,27.65,10.05
"Intermediate",415.152,33.1167,27.5667,7.1333
"Intermediate",416.667,28.9667,28.5833,8.6333
"Intermediate",418.182,31.25,32.8,6.9667
"Intermediate",419.697,29.95,27.2167,8.2667
"Intermediate",421.212,35.1833,35.6,7.2
"Intermediate",422.727,35.0667,32.85,7.9167
"Intermediate",424.242,42.1667,33.9333,8.2167
"Intermediate",425.758,41.7167,31.3333,7.4167
"Intermediate",427.273,40.8667,29.8,8.8667
"Intermediate",428.788,41.1667,30.1167,8.2667
"Posterior",0,28.771,36.9733,9.8793
"Posterior",1.515,29.702,33.1932,12.3313
"Posterior",3.03,29.631,34.0661,11.0822
"Posterior",4.545,27.705,32.2373,10.4293
"Posterior",6.061,28.561,36.792,10.7234
"Posterior",7.576,24.839,36.7614,9.193
"Posterior",9.091,26.389,37.1257,10.7312
"Posterior",10.606,26.302,34.6832,9.633
"Posterior",12.121,29.102,33.0329,11.3213
"Posterior",13.636,29.672,39.7275,11.6668
"Posterior",15.152,26.984,36.8543,10.4404
"Posterior",16.667,31.201,39.6876,11.9092
"Posterior",18.182,29.046,41.6519,11.334
"Posterior",19.697,30.951,39.6541,12.3271
"Posterior",21.212,29.799,36.4262,10.9723
"Posterior",22.727,30.669,45.6784,11.6769
"Posterior",24.242,27.68,37.5565,12.9893
"Posterior",25.758,28.854,46.1569,9.8072
"Posterior",27.273,31.707,39.8609,11.3563
"Posterior",28.788,29.42,40.8493,8.9213
"Posterior",30.303,29.372,40.0837,10.0226
"Posterior",31.818,29.571,43.3744,9.9693
"Posterior",33.333,26.381,39.5797,11.019
"Posterior",34.848,27.068,40.7463,9.243
"Posterior",36.364,31.494,40.5791,11.441
"Posterior",37.879,30.693,41.1296,9.5322
"Posterior",39.394,34.158,41.9955,11.999
"Posterior",40.909,28.521,42.2432,9.1313
"Posterior",42.424,31.234,40.1972,9.4608
"Posterior",43.939,32.78,41.5458,9.8836
"Posterior",45.455,34.319,41.6587,10.4888
"Posterior",46.97,35.123,44.9006,12.1441
"Posterior",48.485,31.552,47.884,11.4002
"Posterior",50,36.756,47.7026,10.5956
"Posterior",51.515,37.984,46.2149,12.0659
"Posterior",53.03,35.199,45.9306,12.6597
"Posterior",54.545,37.944,44.7885,11.4655
"Posterior",56.061,34.46,46.0633,11.1091
"Posterior",57.576,34.993,45.6261,11.5721
"Posterior",59.091,31.858,47.4633,12.4641
"Posterior",60.606,37.083,47.104,10.696
"Posterior",62.121,38.986,41.9146,8.9896
"Posterior",63.636,36.237,41.6459,13.0872
"Posterior",65.152,39.829,47.1675,10.6688
"Posterior",66.667,35.688,44.9178,9.1824
"Posterior",68.182,36.313,44.8716,11.4561
"Posterior",69.697,36.553,45.4749,10.5332
"Posterior",71.212,38.008,40.4724,10.4427
"Posterior",72.727,39.968,40.115,14.251
"Posterior",74.242,41.555,47.3178,11.3724
"Posterior",75.758,46.422,44.7148,12.0803
"Posterior",77.273,40.57,41.7956,12.7388
"Posterior",78.788,44.632,40.5338,11.0946
"Posterior",80.303,43.129,46.8911,12.4842
"Posterior",81.818,43.504,43.3896,12.1721
"Posterior",83.333,48.302,45.8519,12.0743
"Posterior",84.848,43.929,38.8873,12.722
"Posterior",86.364,45.368,39.8465,12.5599
"Posterior",87.879,39.065,44.303,12.6513
"Posterior",89.394,42.346,42.8993,12.3133
"Posterior",90.909,41.593,43.869,13.8091
"Posterior",92.424,50.94,42.2371,13.4495
"Posterior",93.939,48.092,35.7473,12.0774
"Posterior",95.455,46.878,35.8358,12.9603
"Posterior",96.97,50.805,44.716,11.6658
"Posterior",98.485,47.455,40.7773,12.0562
"Posterior",100,49.21,41.9995,10.939
"Posterior",101.515,55.729,40.9637,11.3948
"Posterior",103.03,61.406,41.9411,12.7167
"Posterior",104.545,60.286,42.0775,12.3041
"Posterior",106.061,62.514,40.5548,15.2245
"Posterior",107.576,60.701,39.7744,15.564
"Posterior",109.091,60.81,47.4972,15.8209
"Posterior",110.606,67.104,41.7538,13.1111
"Posterior",112.121,65.398,41.8089,12.4422
"Posterior",113.636,66.011,40.2873,15.2027
"Posterior",115.152,70.145,42.1867,13.178
"Posterior",116.667,71.039,37.9481,16.4926
"Posterior",118.182,77.261,38.807,18.2585
"Posterior",119.697,78.655,46.4378,20.8839
"Posterior",121.212,79.29,41.2528,19.3705
"Posterior",122.727,76.202,42.9797,24.2857
"Posterior",124.242,82.565,39.8088,22.1536
"Posterior",125.758,83.294,42.3567,22.1485
"Posterior",127.273,80.059,42.6726,22.5637
"Posterior",128.788,86.664,38.643,22.4778
"Posterior",130.303,85.703,40.3055,22.583
"Posterior",131.818,87.994,45.812,19.0033
"Posterior",133.333,91.666,40.4101,19.6375
"Posterior",134.848,96.903,40.1824,21.5947
"Posterior",136.364,100.109,35.0815,25.891
"Posterior",137.879,105.676,36.7848,21.2917
"Posterior",139.394,96.683,37.49,18.1646
"Posterior",140.909,104.554,44.0557,21.9673
"Posterior",142.424,99.611,36.8137,23.7874
"Posterior",143.939,95.873,38.9668,23.7932
"Posterior",145.455,96.431,39.1486,25.8487
"Posterior",146.97,85.928,37.8069,22.5995
"Posterior",148.485,88.378,35.4525,24.6323
"Posterior",150,95.234,36.9571,22.7799
"Posterior",151.515,96.786,33.4725,26.0176
"Posterior",153.03,101.982,36.4458,31.2714
"Posterior",154.545,108.156,40.3713,25.7902
"Posterior",156.061,110.918,38.9177,26.1535
"Posterior",157.576,117.756,37.9914,30.2423
"Posterior",159.091,119.885,36.8479,30.6351
"Posterior",160.606,129.602,36.2654,30.1359
"Posterior",162.121,119.175,40.8279,29.3609
"Posterior",163.636,126.632,41.5079,28.6777
"Posterior",165.152,126.543,42.1336,29.7472
"Posterior",166.667,128.32,38.8089,30.43
"Posterior",168.182,122.125,40.604,32.9024
"Posterior",169.697,123.103,40.3494,32.6703
"Posterior",171.212,119.529,42.0119,32.4089
"Posterior",172.727,127.596,45.4785,35.2233
"Posterior",174.242,138.711,42.6467,33.3519
"Posterior",175.758,148.697,39.2061,36.1593
"Posterior",177.273,143.686,42.2032,35.2293
"Posterior",178.788,141.609,40.1843,34.0525
"Posterior",180.303,138.178,38.866,39.2523
"Posterior",181.818,133.062,38.3773,33.7526
"Posterior",183.333,136.58,38.1738,30.8779
"Posterior",184.848,123.062,39.8845,29.9304
"Posterior",186.364,133.806,38.8666,28.4617
"Posterior",187.879,130.611,43.3407,29.218
"Posterior",189.394,133.988,40.0983,31.3406
"Posterior",190.909,131.732,32.3771,28.5089
"Posterior",192.424,109.539,40.1709,29.3357
"Posterior",193.939,100.269,39.5746,26.1299
"Posterior",195.455,92.225,41.7,23.8698
"Posterior",196.97,84.456,38.4639,20.9882
"Posterior",198.485,78.054,37.3369,22.9731
"Posterior",200,76.393,42.936,21.7926
"Posterior",201.515,79.061,44.2637,20.1582
"Posterior",203.03,82.789,44.5894,20.3666
"Posterior",204.545,82.179,40.5633,18.2539
"Posterior",206.061,76.283,42.064,20.0981
"Posterior",207.576,65.443,44.3389,17.2751
"Posterior",209.091,57.751,38.7131,18.4205
"Posterior",210.606,51.243,45.0076,18.3572
"Posterior",212.121,47.627,43.9316,16.7726
"Posterior",213.636,46.779,45.6231,15.096
"Posterior",215.152,45.68,50.6678,14.8894
"Posterior",216.667,45.826,49.249,16.8798
"Posterior",218.182,42.942,46.0818,13.5838
"Posterior",219.697,42.035,46.0238,14.2058
"Posterior",221.212,42.362,47.3862,13.4179
"Posterior",222.727,38.568,42.5918,9.7151
"Posterior",224.242,32.362,40.8005,10.6892
"Posterior",225.758,33.147,41.5673,10.5195
"Posterior",227.273,33.554,40.0688,10.877
"Posterior",228.788,31.175,40.9484,9.912
"Posterior",230.303,29.971,43.8402,10.6282
"Posterior",231.818,32.595,39.5047,11.6294
"Posterior",233.333,29.346,38.887,10.3259
"Posterior",234.848,29.363,35.6429,10.432
"Posterior",236.364,28.107,36.0626,9.2097
"Posterior",237.879,25.967,29.1723,9.1872
"Posterior",239.394,26.428,37.225,8.1546
"Posterior",240.909,29.44,35.4005,9.36
"Posterior",242.424,25.614,37.9602,9.5576
"Posterior",243.939,27.538,33.551,8.9681
"Posterior",245.455,26.622,33.1989,7.9405
"Posterior",246.97,25.675,36.5321,8.0813
"Posterior",248.485,24.034,33.5619,9.4251
"Posterior",250,22.878,37.0335,8.8973
"Posterior",251.515,22.643,37.5874,9.0797
"Posterior",253.03,21.001,38.8024,8.0819
"Posterior",254.545,21.54,37.75,8.5423
"Posterior",256.061,24.676,36.4441,10.9615
"Posterior",257.576,22.419,34.0372,9.3112
"Posterior",259.091,24.653,35.8133,9.2818
"Posterior",260.606,25.416,36.0754,9.0659
"Posterior",262.121,23.512,35.7947,8.188
"Posterior",263.636,25.968,36.7944,8.0133
"Posterior",265.152,24.144,29.0911,9.2617
"Posterior",266.667,24.819,33.2119,7.7041
"Posterior",268.182,25.113,36.6833,9.4735
"Posterior",269.697,22.007,31.3222,9.0358
"Posterior",271.212,20.321,31.2873,9.0163
"Posterior",272.727,21.424,34.7543,9.3585
"Posterior",274.242,20.094,32.3469,7.3948
"Posterior",275.758,22.877,27.8628,7.4662
"Posterior",277.273,24.923,32.0467,7.8352
"Posterior",278.788,27.547,31.2744,9.9852
"Posterior",280.303,26.58,32.1672,6.3557
"Posterior",281.818,23.555,35.9453,8.2862
"Posterior",283.333,20.652,33.3155,10.3873
"Posterior",284.848,21.639,31.0292,8.8782
"Posterior",286.364,21.577,30.9721,7.994
"Posterior",287.879,20.146,26.6866,8.3573
"Posterior",289.394,20.435,25.4292,8.7319
"Posterior",290.909,22.661,24.0248,8.9423
"Posterior",292.424,21.283,23.9381,7.4546
"Posterior",293.939,20.85,21.7882,7.7097
"Posterior",295.455,18.988,23.844,7.8478
"Posterior",296.97,24.137,23.0453,8.2878
"Posterior",298.485,22.779,25.8415,6.9317
"Posterior",300,23.656,23.2826,7.9858
"Posterior",301.515,21.962,20.5446,7.6889
"Posterior",303.03,20.404,23.0225,7.8139
"Posterior",304.545,25.046,26.1584,7.3978
"Posterior",306.061,21.083,21.1028,8.0018
"Posterior",307.576,20.202,26.4956,8.7377
"Posterior",309.091,22.685,25.3089,6.1304
"Posterior",310.606,20.924,22.8663,6.3739
"Posterior",312.121,22.629,25.118,8.02
"Posterior",313.636,22.691,26.0987,6.4532
"Posterior",315.152,23.284,24.3037,7.1919
"Posterior",316.667,22.367,23.7231,6.9139
"Posterior",318.182,20.949,20.3301,8.9811
"Posterior",319.697,19.411,22.0383,7.9382
"Posterior",321.212,21.398,18.491,6.097
"Posterior",322.727,23.957,23.7856,7.6462
"Posterior",324.242,23.101,21.899,7.4505
"Posterior",325.758,20.211,23.0643,8.5661
"Posterior",327.273,20.158,21.8743,7.513
"Posterior",328.788,20.926,18.3553,6.9236
"Posterior",330.303,22.55,21.0083,7.9619
"Posterior",331.818,20.214,24.7375,6.6527
"Posterior",333.333,24.174,21.4589,7.4245
"Posterior",334.848,29.204,24.8631,6.417
"Posterior",336.364,26.803,25.9997,8.1196
"Posterior",337.879,25.283,26.2067,7.1216
"Posterior",339.394,26.964,22.9667,7.5184
"Posterior",340.909,25.771,24.7022,4.9712
"Posterior",342.424,25.11,21.0716,6.9809
"Posterior",343.939,23.569,21.6307,6.5194
"Posterior",345.455,23.723,21.608,7.5941
"Posterior",346.97,24.705,24.1226,6.9878
"Posterior",348.485,25.29,22.3086,6.2716
"Posterior",350,24.659,20.3113,7.1334
"Posterior",351.515,27.608,22.6742,7.9697
"Posterior",353.03,24.666,19.9069,6.3098
"Posterior",354.545,29.687,21.0668,6.1044
"Posterior",356.061,29.347,19.8605,9.3295
"Posterior",357.576,31.4,21.3795,5.3744
"Posterior",359.091,31.175,20.7776,7.2459
"Posterior",360.606,31.014,17.5177,7.6012
"Posterior",362.121,33.175,23.1181,7.2735
"Posterior",363.636,34.276,20.247,5.6448
"Posterior",365.152,38.937,23.8,7.4767
"Posterior",366.667,44.726,20.03,6.9253
"Posterior",368.182,45.493,21.829,7.7833
