"A.P.position","M.L.position","SIX1","TFAP2A","PAX7"
"Anterior",0,54.468,36.351,20.5649
"Anterior",1.515,56.025,36.628,20.0841
"Anterior",3.03,54.359,35.059,20.1702
"Anterior",4.545,54.599,33.297,20.5426
"Anterior",6.061,52.346,36.604,22.6113
"Anterior",7.576,55.548,36.878,23.6936
"Anterior",9.091,54.952,38.871,22.1288
"Anterior",10.606,52.597,38.819,24.8888
"Anterior",12.121,54.857,31.922,26.3749
"Anterior",13.636,55.684,30.914,22.7759
"Anterior",15.152,55.262,33.646,26.2248
"Anterior",16.667,51.01,33.745,24.2351
"Anterior",18.182,61.116,33.428,22.4681
"Anterior",19.697,56.051,37.851,22.2831
"Anterior",21.212,55.801,37.174,21.301
"Anterior",22.727,54.986,33.583,22.7018
"Anterior",24.242,53.266,35.285,22.7787
"Anterior",25.758,55.653,34.503,24.6007
"Anterior",27.273,57.486,36.478,21.0495
"Anterior",28.788,55.762,37.564,22.8693
"Anterior",30.303,58.169,37.235,20.5841
"Anterior",31.818,54.182,36.129,23.3525
"Anterior",33.333,56.133,33.091,22.8698
"Anterior",34.848,61.325,36.063,22.6756
"Anterior",36.364,59.001,37.726,24.4211
"Anterior",37.879,55.943,38.012,21.5269
"Anterior",39.394,57.499,38.549,21.1661
"Anterior",40.909,54.357,34.207,19.5965
"Anterior",42.424,51.879,34.692,20.2058
"Anterior",43.939,50.69,32.817,21.8329
"Anterior",45.455,57.364,33.947,19.4673
"Anterior",46.97,54.974,34.731,20.4594
"Anterior",48.485,52.844,35.96,20.87
"Anterior",50,50.239,35.338,20.4661
"Anterior",51.515,53.821,37.317,24.0223
"Anterior",53.03,57.078,38.93,25.4104
"Anterior",54.545,57.16,36.849,21.7886
"Anterior",56.061,52.26,38.53,19.9369
"Anterior",57.576,52.021,32.429,21.4841
"Anterior",59.091,58.348,34.694,24.9101
"Anterior",60.606,61.923,35.063,23.928
"Anterior",62.121,59.276,35.998,22.5024
"Anterior",63.636,53.737,38.416,21.3995
"Anterior",65.152,57.453,37.446,23.6085
"Anterior",66.667,63.28,34.911,22.4962
"Anterior",68.182,60.586,36.231,24.0302
"Anterior",69.697,56.572,40.095,22.1452
"Anterior",71.212,54.01,43.909,24.2043
"Anterior",72.727,53.865,40.473,25.7009
"Anterior",74.242,56.422,38.721,24.0266
"Anterior",75.758,53.178,41.756,21.0665
"Anterior",77.273,56.032,43.733,23.6569
"Anterior",78.788,56.752,45.241,23.61
"Anterior",80.303,59.686,44.759,21.7437
"Anterior",81.818,58.89,44.774,24.0818
"Anterior",83.333,64.264,48.365,24.1293
"Anterior",84.848,59.093,47.301,23.9304
"Anterior",86.364,51.157,45.602,19.8188
"Anterior",87.879,55.063,44.756,22.3082
"Anterior",89.394,54.465,47.029,23.4367
"Anterior",90.909,60.929,48.13,28.084
"Anterior",92.424,53.966,49.556,25.0185
"Anterior",93.939,55.62,52.084,27.9094
"Anterior",95.455,53.594,52.348,28.1517
"Anterior",96.97,52.705,52.089,30.9783
"Anterior",98.485,50.978,47.975,24.4566
"Anterior",100,52.619,44.57,26.1823
"Anterior",101.515,51.674,40.935,26.6331
"Anterior",103.03,47.928,41.986,24.1696
"Anterior",104.545,52.815,43.683,25.171
"Anterior",106.061,54.509,46.677,25.611
"Anterior",107.576,54.91,52.817,25.4467
"Anterior",109.091,54.553,61.508,26.5773
"Anterior",110.606,52.887,64.84,28.3829
"Anterior",112.121,51.76,64.434,25.6423
"Anterior",113.636,56.851,63.897,22.6644
"Anterior",115.152,54.577,63.387,26.5463
"Anterior",116.667,59.936,61.252,25.3026
"Anterior",118.182,62.795,63.174,26.0678
"Anterior",119.697,56.596,65.604,35.4183
"Anterior",121.212,58.14,68.022,28.2082
"Anterior",122.727,60.473,65.784,30.5975
"Anterior",124.242,62.311,89.488,41.3415
"Anterior",125.758,58.203,98.884,42.5472
"Anterior",127.273,61.908,103.787,40.1608
"Anterior",128.788,60.579,98.742,43.5228
"Anterior",130.303,62.514,88.916,40.4384
"Anterior",131.818,61.802,79.787,41.2165
"Anterior",133.333,63.462,81.438,46.007
"Anterior",134.848,61.425,92.778,44.6009
"Anterior",136.364,66.966,98.483,42.156
"Anterior",137.879,61.948,101.247,41.2136
"Anterior",139.394,64.481,107.12,40.8756
"Anterior",140.909,60.901,103.588,39.6485
"Anterior",142.424,61.224,110.432,36.5425
"Anterior",143.939,63.34,117.774,38.3653
"Anterior",145.455,61.978,124.635,40.6576
"Anterior",146.97,62.804,119.644,35.7766
"Anterior",148.485,59.283,117.241,40.1318
"Anterior",150,58.437,123.444,40.3112
"Anterior",151.515,61.754,133.244,40.7617
"Anterior",153.03,61.79,131.004,43.0943
"Anterior",154.545,61.309,132.252,43.8192
"Anterior",156.061,61.296,128.446,43.1211
"Anterior",157.576,59.588,134.861,39.4255
"Anterior",159.091,56.033,130.667,36.4728
"Anterior",160.606,63.272,144.17,38.5927
"Anterior",162.121,62.558,152.814,36.2053
"Anterior",163.636,61.614,151.841,39.9248
"Anterior",165.152,57.869,159.661,38.4262
"Anterior",166.667,56.866,169.899,42.9184
"Anterior",168.182,61.009,177.298,45.6579
"Anterior",169.697,63.233,179.531,49.2525
"Anterior",171.212,56.651,183.379,47.0454
"Anterior",172.727,57.511,183.474,41.6284
"Anterior",174.242,56.366,172.899,37.6439
"Anterior",175.758,59.566,175.817,44.586
"Anterior",177.273,60.436,196.158,45.7039
"Anterior",178.788,61.704,215.913,45.2359
"Anterior",180.303,70.81,228.274,48.7326
"Anterior",181.818,68.902,236.275,47.0183
"Anterior",183.333,73.254,225.521,41.7643
"Anterior",184.848,73.319,219.624,39.7425
"Anterior",186.364,76.448,226.969,40.2637
"Anterior",187.879,76.041,238.575,41.6652
"Anterior",189.394,70.863,240.225,43.0049
"Anterior",190.909,73.294,238.664,50.081
"Anterior",192.424,76.974,264.635,43.1551
"Anterior",193.939,80.821,267.979,47.9969
"Anterior",195.455,83.927,259.81,43.5493
"Anterior",196.97,82.719,239.375,40.3019
"Anterior",198.485,82.099,240.042,38.5643
"Anterior",200,86.193,238.251,38.3161
"Anterior",201.515,87.831,258.193,36.0739
"Anterior",203.03,86.673,261.39,37.805
"Anterior",204.545,92.076,278.276,33.1924
"Anterior",206.061,88.859,278.658,34.6123
"Anterior",207.576,97.423,278.106,36.6049
"Anterior",209.091,103.793,281.694,33.6386
"Anterior",210.606,102.691,271.719,31.5319
"Anterior",212.121,101.868,257.576,30.7558
"Anterior",213.636,109.488,274.687,28.0739
"Anterior",215.152,109.719,248.028,26.8975
"Anterior",216.667,109.261,231.434,26.7045
"Anterior",218.182,106.306,233.252,24.1396
"Anterior",219.697,101.659,231.891,24.7349
"Anterior",221.212,90.361,206.024,23.1491
"Anterior",222.727,80.942,189.738,19.132
"Anterior",224.242,77.055,159.822,18.6266
"Anterior",225.758,73.696,151.595,21.1944
"Anterior",227.273,80.415,152.481,21.5445
"Anterior",228.788,80.043,159.542,20.9653
"Anterior",230.303,72.147,153.489,17.5427
"Anterior",231.818,73.271,150.467,18.4545
"Anterior",233.333,73.155,144.1,20.357
"Anterior",234.848,75.48,146.779,18.7695
"Anterior",236.364,75.922,139.607,19.5279
"Anterior",237.879,75.069,136.886,17.0215
"Anterior",239.394,74.716,137.127,16.4185
"Anterior",240.909,71.383,131.639,17.2443
"Anterior",242.424,62.184,124.431,18.1477
"Anterior",243.939,58.404,113.998,17.8611
"Anterior",245.455,57.67,115.876,17.9684
"Anterior",246.97,62.539,113.061,14.5429
"Anterior",248.485,67.609,109.901,15.151
"Anterior",250,74.013,120.034,16.8426
"Anterior",251.515,71.452,142.855,18.6397
"Anterior",253.03,69.232,143.731,17.5257
"Anterior",254.545,71.798,144.315,16.2779
"Anterior",256.061,70.848,133.702,16.8533
"Anterior",257.576,79.777,126.89,16.3902
"Anterior",259.091,74.481,125.5,17.2056
"Anterior",260.606,76.909,125.096,19.3084
"Anterior",262.121,69.715,150.698,21.2537
"Anterior",263.636,72.722,139.01,20.9148
"Anterior",265.152,81.99,133.572,20.3339
"Anterior",266.667,96.765,132.801,21.1276
"Anterior",268.182,106.767,136.163,19.8381
"Anterior",269.697,98.968,135.821,19.811
"Anterior",271.212,91.992,135.827,17.6602
"Anterior",272.727,82.424,125.891,17.6297
"Anterior",274.242,76.094,116.43,18.5231
"Anterior",275.758,77.042,104.746,17.6715
"Anterior",277.273,85.644,103.169,17.9589
"Anterior",278.788,84.737,102.466,18.3706
"Anterior",280.303,93.131,106.49,18.5971
"Anterior",281.818,97.702,111.317,19.129
"Anterior",283.333,109.651,112.38,21.785
"Anterior",284.848,95.099,107.381,19.6422
"Anterior",286.364,86.941,107.64,18.8377
"Anterior",287.879,93.202,103.687,15.8108
"Anterior",289.394,99.489,105.721,16.4059
"Anterior",290.909,95.798,97.173,17.4013
"Anterior",292.424,110.254,94.07,19.1632
"Anterior",293.939,114.178,98.991,18.834
"Anterior",295.455,108.482,99.496,19.8568
"Anterior",296.97,101.635,97.669,18.2697
"Anterior",298.485,115.445,106.522,18.7628
"Anterior",300,101.564,102.598,20.9667
"Anterior",301.515,100.689,93.461,22.2948
"Anterior",303.03,98.85,92.339,21.4145
"Anterior",304.545,101.422,89.217,20.7138
"Anterior",306.061,97.798,80.305,18.4483
"Anterior",307.576,100.344,73.222,17.9636
"Anterior",309.091,95.939,67.18,16.9651
"Anterior",310.606,98.323,61.975,14.9077
"Anterior",312.121,101.647,65.283,16.0054
"Anterior",313.636,101.542,57.916,15.6887
"Anterior",315.152,100.554,55.15,17.4666
"Anterior",316.667,87.84,52.966,13.6725
"Anterior",318.182,68.405,41.108,11.839
"Anterior",319.697,50.779,35.387,10.035
"Anterior",321.212,45.396,28.765,10.4472
"Anterior",322.727,39.403,24.621,9.5083
"Anterior",324.242,34.924,19.698,10.2146
"Anterior",325.758,31.168,17.027,8.1464
"Anterior",327.273,33.577,12.604,7.3882
"Anterior",328.788,34.03,10.133,7.4525
"Anterior",330.303,38.921,7.891,8.2947
"Anterior",331.818,37.198,7.163,8.4945
"Anterior",333.333,35.705,7.836,8.0809
"Anterior",334.848,38.134,8.26,8.9927
"Anterior",336.364,38.82,6.797,8.6166
"Anterior",337.879,46.22,7.12,9.3348
"Anterior",339.394,53.801,9.733,10.3131
"Anterior",340.909,57.694,9.898,10.8677
"Anterior",342.424,56.734,10.249,11.288
"Anterior",343.939,56.346,11.371,9.7323
"Anterior",345.455,58.466,11.832,9.9219
"Anterior",346.97,49.054,10.025,11.7982
"Anterior",348.485,48.989,10.846,11.6595
"Anterior",350,48.361,11.124,11.6675
"Anterior",351.515,51.195,10.824,10.9196
"Anterior",353.03,41.825,9.271,9.262
"Anterior",354.545,31.018,6.359,6.7938
"Anterior",356.061,20.005,4.308,5.9317
"Anterior",357.576,17.016,3.88,6.84
"Anterior",359.091,18.314,3.081,5.4725
"Anterior",360.606,16.863,2.604,7.388
"Anterior",362.121,16.263,2.975,4.6688
"Anterior",363.636,15.427,2.845,5.4378
"Anterior",365.152,14.501,3.163,5.2658
"Anterior",366.667,12.418,3.91,5.558
"Anterior",368.182,15.569,4.641,6.3199
"Anterior",369.697,16.46,4.261,4.7996
"Anterior",371.212,16.99,4.813,7.0863
"Anterior",372.727,15.591,6.006,7.6549
"Anterior",374.242,17.547,6.387,6.3412
"Anterior",375.758,16.239,10.224,7.3753
"Anterior",377.273,21.169,13.189,7.3181
"Anterior",378.788,22.494,12.421,7.7266
"Intermediate",0,53.9847,28.153,22.1672
"Intermediate",1.515,57.915,30.821,23.8971
"Intermediate",3.03,56.3389,31.513,21.9563
"Intermediate",4.545,49.5311,35.675,25.2923
"Intermediate",6.061,51.5995,36.828,19.3711
"Intermediate",7.576,51.6098,30.407,21.7431
"Intermediate",9.091,51.2085,32.267,21.6359
"Intermediate",10.606,50.6856,29.925,23.5016
"Intermediate",12.121,51.1981,31.736,23.1233
"Intermediate",13.636,61.4034,32.752,22.4622
"Intermediate",15.152,56.5556,34.239,23.7145
"Intermediate",16.667,55.3102,32.818,21.9366
"Intermediate",18.182,54.6217,34.74,26.0796
"Intermediate",19.697,55.3432,32.955,25.7564
"Intermediate",21.212,54.1778,35.787,24.7825
"Intermediate",22.727,54.7454,34.811,25.7566
"Intermediate",24.242,59.4081,34.412,26.9199
"Intermediate",25.758,56.8923,37.199,26.5239
"Intermediate",27.273,58.1122,37.912,26.7468
"Intermediate",28.788,60.4002,36.137,24.0859
"Intermediate",30.303,59.874,36.924,26.131
"Intermediate",31.818,58.6361,39.034,24.7329
"Intermediate",33.333,58.856,38.844,22.8092
"Intermediate",34.848,55.0281,36.452,26.9059
"Intermediate",36.364,50.1211,35.545,26.7953
"Intermediate",37.879,54.086,31.894,19.6174
"Intermediate",39.394,54.9913,32.003,22.5413
"Intermediate",40.909,51.1114,36.56,20.2005
"Intermediate",42.424,52.1959,33.375,21.9302
"Intermediate",43.939,54.8251,34.903,23.7859
"Intermediate",45.455,53.1181,34.728,26.2712
"Intermediate",46.97,54.2517,34.747,20.2458
"Intermediate",48.485,57.9891,37.556,22.5331
"Intermediate",50,57.7039,33.946,21.5867
"Intermediate",51.515,55.8863,32.177,21.0452
"Intermediate",53.03,55.5263,31.754,23.9605
"Intermediate",54.545,50.8142,35.257,22.0583
"Intermediate",56.061,52.3192,37.511,23.0701
"Intermediate",57.576,54.1639,36.262,22.8457
"Intermediate",59.091,56.5123,33.763,20.7427
"Intermediate",60.606,56.0117,37.141,23.0466
"Intermediate",62.121,60.8749,36.298,23.0059
"Intermediate",63.636,57.0155,35.177,22.998
"Intermediate",65.152,54.3636,33.794,25.0039
"Intermediate",66.667,51.6588,35.333,26.9374
"Intermediate",68.182,53.1141,32.068,22.1524
"Intermediate",69.697,51.9195,32.127,22.0732
"Intermediate",71.212,49.3035,32.568,21.9758
"Intermediate",72.727,51.7484,30.573,22.1818
"Intermediate",74.242,54.644,37.591,26.2354
"Intermediate",75.758,57.4433,37.889,24.0688
"Intermediate",77.273,55.5958,36.807,23.7276
"Intermediate",78.788,59.0619,34.599,23.9291
"Intermediate",80.303,61.1465,36.212,21.2229
"Intermediate",81.818,49.2005,35.253,21.0341
"Intermediate",83.333,54.101,34.346,23.6801
"Intermediate",84.848,56.3268,32.992,23.1032
"Intermediate",86.364,51.4678,39.86,23.1613
"Intermediate",87.879,50.1174,37.811,23.9445
"Intermediate",89.394,55.6991,40.417,23.9847
"Intermediate",90.909,54.0317,40.272,25.16
"Intermediate",92.424,56.6655,37.602,26.6975
"Intermediate",93.939,55.2616,38.262,27.8456
"Intermediate",95.455,58.3007,38.847,25.8793
"Intermediate",96.97,56.954,42.277,28.7021
"Intermediate",98.485,53.8461,45.084,27.915
"Intermediate",100,58.6018,43.826,28.0143
"Intermediate",101.515,62.8744,45.514,27.2929
"Intermediate",103.03,54.5885,43.882,27.751
"Intermediate",104.545,49.817,44.213,29.2454
"Intermediate",106.061,53.8293,51.132,28.2113
"Intermediate",107.576,54.6462,49.623,32.0686
"Intermediate",109.091,50.7597,48.66,33.2783
"Intermediate",110.606,51.8466,50.017,36.8302
"Intermediate",112.121,49.3392,49.232,38.6944
"Intermediate",113.636,54.8977,51.697,41.0229
"Intermediate",115.152,50.7586,54.689,36.0111
"Intermediate",116.667,50.9437,48.9,39.9061
"Intermediate",118.182,55.8482,52.253,48.0548
"Intermediate",119.697,57.5196,56.176,46.6228
"Intermediate",121.212,48.8027,52.58,42.3467
"Intermediate",122.727,52.4287,53.564,36.4345
"Intermediate",124.242,54.9231,50.902,39.4677
"Intermediate",125.758,54.705,50.414,44.5065
"Intermediate",127.273,53.7575,57.623,46.3982
"Intermediate",128.788,59.2588,61.724,46.2823
"Intermediate",130.303,63.1298,72.146,51.9442
"Intermediate",131.818,56.4983,82.421,57.6209
"Intermediate",133.333,54.8865,79.597,59.101
"Intermediate",134.848,53.8604,78.342,52.6415
"Intermediate",136.364,57.5047,75.17,50.0597
"Intermediate",137.879,56.9504,78.653,54.5795
"Intermediate",139.394,53.3433,77.684,59.8416
"Intermediate",140.909,56.5828,79.454,59.3793
"Intermediate",142.424,50.8231,84.165,60.3084
"Intermediate",143.939,56.2021,86.244,65.7851
"Intermediate",145.455,52.3582,85.248,73.6695
"Intermediate",146.97,53.6131,99.985,73.0035
"Intermediate",148.485,54.2419,103.213,71.8535
"Intermediate",150,51.756,98.175,77.4615
"Intermediate",151.515,58.3218,99.275,73.6113
"Intermediate",153.03,51.1447,103.376,70.2643
"Intermediate",154.545,46.3317,100.327,71.9026
"Intermediate",156.061,54.5336,90.391,77.0233
"Intermediate",157.576,53.0663,101.59,75.9561
"Intermediate",159.091,51.6119,107.962,74.7679
"Intermediate",160.606,50.3287,104.28,70.5496
"Intermediate",162.121,45.7359,95.322,70.4911
"Intermediate",163.636,51.2305,96.672,76.7881
"Intermediate",165.152,52.3971,104.741,80.7831
"Intermediate",166.667,57.9509,115.172,75.0951
"Intermediate",168.182,48.179,121.665,72.5327
"Intermediate",169.697,54.5793,129.976,83.2338
"Intermediate",171.212,58.6853,134.434,83.9617
"Intermediate",172.727,56.4286,137.859,81.6364
"Intermediate",174.242,51.5907,127.233,74.1438
"Intermediate",175.758,47.7881,112.29,64.5728
"Intermediate",177.273,46.3642,106.573,74.2866
"Intermediate",178.788,52.9061,115.364,70.8433
"Intermediate",180.303,53.8383,113.681,69.6109
"Intermediate",181.818,53.7119,118.443,74.5809
"Intermediate",183.333,51.124,115.458,64.3065
"Intermediate",184.848,56.4656,121.81,70.4215
"Intermediate",186.364,52.7974,134.986,82.8641
"Intermediate",187.879,51.5118,139.912,81.7902
"Intermediate",189.394,52.4966,145.734,91.4957
"Intermediate",190.909,59.0196,154.806,96.559
"Intermediate",192.424,61.5312,163.236,97.4087
"Intermediate",193.939,65.6335,179.96,94.6236
"Intermediate",195.455,67.4214,185.716,89.4076
"Intermediate",196.97,65.7765,181.713,92.0111
"Intermediate",198.485,62.201,174.714,94.9369
"Intermediate",200,57.8744,177.992,76.42
"Intermediate",201.515,57.4674,165.496,81.1639
"Intermediate",203.03,54.485,174.914,76.4942
"Intermediate",204.545,55.3057,180.568,74.5721
"Intermediate",206.061,55.9914,207.029,72.3835
"Intermediate",207.576,53.8364,218.785,78.2723
"Intermediate",209.091,57.1241,227.226,71.7544
"Intermediate",210.606,58.468,222.893,80.1694
"Intermediate",212.121,65.1713,225.232,78.2112
"Intermediate",213.636,57.2111,237.25,74.4449
"Intermediate",215.152,53.138,230.1,85.3788
"Intermediate",216.667,55.709,243.133,77.9413
"Intermediate",218.182,55.1447,215.899,82.0674
"Intermediate",219.697,51.8848,202.775,84.4889
"Intermediate",221.212,52.3939,213.04,78.3613
"Intermediate",222.727,52.3164,187.448,70.5687
"Intermediate",224.242,55.2237,181.702,64.8746
"Intermediate",225.758,53.9217,189.313,58.2523
"Intermediate",227.273,47.6174,196.88,64.1182
"Intermediate",228.788,48.1716,211.878,63.2777
"Intermediate",230.303,53.5628,221.059,59.2923
"Intermediate",231.818,58.2931,233.947,70.9671
"Intermediate",233.333,57.7625,230.246,70.1087
"Intermediate",234.848,68.3353,246.181,71.8074
"Intermediate",236.364,59.0518,242.572,63.4762
"Intermediate",237.879,56.693,237.938,54.5209
"Intermediate",239.394,57.9502,242.18,55.1131
"Intermediate",240.909,51.6029,239.773,49.5047
"Intermediate",242.424,55.5919,242.278,54.6988
"Intermediate",243.939,61.9749,244.065,51.8008
"Intermediate",245.455,68.082,261.155,53.2503
"Intermediate",246.97,75.876,260.493,47.755
"Intermediate",248.485,82.0868,233.883,47.7369
"Intermediate",250,88.5902,223.305,47.8652
"Intermediate",251.515,81.7337,206.226,42.2262
"Intermediate",253.03,90.2418,204.209,37.1075
"Intermediate",254.545,85.9942,195.349,43.7597
"Intermediate",256.061,83.6527,236.929,49.2585
"Intermediate",257.576,86.4915,264.827,48.6011
"Intermediate",259.091,90.6308,253.96,45.6598
"Intermediate",260.606,86.5396,249.211,44.6309
"Intermediate",262.121,86.3979,265.653,50.2674
"Intermediate",263.636,87.2763,278.329,49.3111
"Intermediate",265.152,91.647,270.852,47.3159
"Intermediate",266.667,100.3084,261.175,45.9144
"Intermediate",268.182,100.1315,253.776,37.9306
"Intermediate",269.697,103.5475,228.219,36.3499
"Intermediate",271.212,100.2475,212.635,40.5717
"Intermediate",272.727,100.5711,203.667,38.8941
"Intermediate",274.242,94.5727,212.341,30.6387
"Intermediate",275.758,94.8328,210.618,31.2892
"Intermediate",277.273,102.4567,218.842,30.7692
"Intermediate",278.788,108.3675,209.048,29.8884
"Intermediate",280.303,102.3244,177.428,28.2358
"Intermediate",281.818,114.6713,178.642,26.6924
"Intermediate",283.333,102.5092,178.675,29.1547
"Intermediate",284.848,101.3552,177.372,24.5454
"Intermediate",286.364,94.0443,176.122,24.4051
"Intermediate",287.879,98.4266,181.954,30.3273
"Intermediate",289.394,91.2627,194.739,27.1625
"Intermediate",290.909,89.821,177.185,27.4393
"Intermediate",292.424,92.0948,135.451,26.5797
"Intermediate",293.939,89.8007,139.14,27.5733
"Intermediate",295.455,94.448,160.278,33.5852
"Intermediate",296.97,92.3983,161.918,30.0631
"Intermediate",298.485,96.782,155.26,30.7146
"Intermediate",300,86.4485,158.309,30.3012
"Intermediate",301.515,89.4761,158.824,28.6894
"Intermediate",303.03,79.6822,131.581,24.7771
"Intermediate",304.545,83.6994,147.25,25.6181
"Intermediate",306.061,95.2318,162.799,23.6086
"Intermediate",307.576,98.9411,166.715,22.4564
"Intermediate",309.091,105.0702,158.085,26.5231
"Intermediate",310.606,113.1837,157.033,28.624
"Intermediate",312.121,107.968,158.938,22.1887
"Intermediate",313.636,99.2644,168.473,23.0093
"Intermediate",315.152,95.0788,167.713,19.7301
"Intermediate",316.667,80.5007,134.685,26.4133
"Intermediate",318.182,95.7276,141.314,25.7807
"Intermediate",319.697,104.6698,132.349,21.9733
"Intermediate",321.212,99.58,119.233,21.4595
"Intermediate",322.727,87.5456,108.743,17.2429
"Intermediate",324.242,86.9804,117.678,18.8106
"Intermediate",325.758,94.3791,131.515,19.465
"Intermediate",327.273,90.6699,122.642,17.8489
"Intermediate",328.788,92.1598,118.662,21.7386
"Intermediate",330.303,111.2914,131.103,22.4711
"Intermediate",331.818,101.4595,140.974,19.033
"Intermediate",333.333,96.2752,127.766,21.3668
"Intermediate",334.848,93.977,120.388,16.9679
"Intermediate",336.364,103.1292,134.002,19.2654
"Intermediate",337.879,93.377,130.486,17.2689
"Intermediate",339.394,93.9855,133.601,17.3198
"Intermediate",340.909,85.3512,117.977,19.3108
"Intermediate",342.424,77.5008,107.265,19.0338
"Intermediate",343.939,77.0558,102.085,15.7277
"Intermediate",345.455,82.9276,118.813,20.0696
"Intermediate",346.97,87.5682,114.485,20.1881
"Intermediate",348.485,83.3651,107.083,15.7427
"Intermediate",350,88.9333,101.395,19.4043
"Intermediate",351.515,100.1812,118.847,17.2861
"Intermediate",353.03,107.8599,130.088,18.3348
"Intermediate",354.545,98.25,120.804,16.4176
"Intermediate",356.061,89.0922,114.608,18.0555
"Intermediate",357.576,93.4369,114.08,14.5322
"Intermediate",359.091,87.5481,99.883,15.8186
"Intermediate",360.606,86.8092,101.711,16.9806
"Intermediate",362.121,87.9739,100.885,17.3719
"Intermediate",363.636,81.465,98.25,16.9574
"Intermediate",365.152,90.1971,105.536,18.159
"Intermediate",366.667,89.9069,108.092,17.691
"Intermediate",368.182,86.3542,106.038,19.484
"Intermediate",369.697,78.8679,108.987,16.1331
"Intermediate",371.212,80.1371,102.754,16.3289
"Intermediate",372.727,85.1609,101.176,20.167
"Intermediate",374.242,75.6094,98.969,20.1486
"Intermediate",375.758,80.1703,103.767,14.9046
"Intermediate",377.273,84.8569,104.933,21.7312
"Intermediate",378.788,89.5798,113.762,22.4607
"Intermediate",380.303,88.2907,110.929,14.6127
"Intermediate",381.818,91.9094,103.033,17.499
"Intermediate",383.333,91.9854,115.742,18.9511
"Intermediate",384.848,76.587,119.105,20.9151
"Intermediate",386.364,83.0539,112.134,17.3801
"Intermediate",387.879,79.4673,108.179,15.5
"Intermediate",389.394,85.7512,117.463,18.318
"Intermediate",390.909,93.3844,120.385,17.6426
"Intermediate",392.424,92.4161,98.935,16.345
"Intermediate",393.939,86.3451,93.966,17.2706
"Intermediate",395.455,89.0458,99.981,16.4999
"Intermediate",396.97,94.6437,111.501,18.1429
"Intermediate",398.485,97.8972,96.492,16.8684
"Intermediate",400,83.2792,89.451,17.1244
"Intermediate",401.515,89.8048,96.64,19.8217
"Intermediate",403.03,84.6249,90.148,19.0981
"Intermediate",404.545,80.4538,99.005,16.7428
"Intermediate",406.061,82.1618,97.235,17.684
"Intermediate",407.576,77.1485,86.103,19.1062
"Intermediate",409.091,90.1843,88.786,16.6128
"Intermediate",410.606,85.498,91.072,20.9694
"Intermediate",412.121,88.4876,95.537,18.8212
"Intermediate",413.636,80.1961,98.668,19.5632
"Intermediate",415.152,84.3911,90.951,18.2553
"Intermediate",416.667,89.5035,87.292,18.4742
"Intermediate",418.182,81.628,85.37,20.0219
"Intermediate",419.697,82.2115,82.801,15.7708
"Intermediate",421.212,84.4126,75.891,17.3663
"Intermediate",422.727,74.5729,78.763,20.2745
"Intermediate",424.242,71.078,86.383,18.0063
"Intermediate",425.758,71.426,87.523,18.346
"Intermediate",427.273,67.4004,74.351,19.795
"Intermediate",428.788,63.5813,68.446,14.3695
"Intermediate",430.303,64.6581,67.513,14.8036
"Intermediate",431.818,71.0888,68.678,17.852
"Intermediate",433.333,65.5355,68.453,18.1797
"Intermediate",434.848,69.5749,76.302,17.3172
"Intermediate",436.364,82.9574,90.084,18.945
"Intermediate",437.879,84.5468,81.744,20.2349
"Intermediate",439.394,84.7251,69.643,14.6636
"Intermediate",440.909,77.4807,69.78,18.8846
"Intermediate",442.424,86.0025,70.704,17.696
"Intermediate",443.939,78.6087,69.249,18.9223
"Intermediate",445.455,82.1896,69.702,15.4077
"Intermediate",446.97,82.5534,65.986,15.6653
"Intermediate",448.485,88.1939,73.366,18.7993
"Intermediate",450,79.2359,73.556,18.5105
"Intermediate",451.515,85.2385,66.338,18.6259
"Intermediate",453.03,73.1812,68.288,18.3918
"Intermediate",454.545,76.8503,74.493,17.5037
"Intermediate",456.061,79.4574,81.85,21.1912
"Intermediate",457.576,82.2425,68.323,19.9134
"Intermediate",459.091,84.5157,72.546,18.5351
"Intermediate",460.606,79.6091,70.898,18.1925
"Intermediate",462.121,83.7209,66.516,22.7885
"Intermediate",463.636,85.1868,72.522,20.1675
"Intermediate",465.152,81.3806,75.533,18.5848
"Intermediate",466.667,76.8714,67.616,16.4331
"Intermediate",468.182,73.6235,64.661,15.4301
"Intermediate",469.697,66.0663,70.346,18.0649
"Intermediate",471.212,65.0245,69.935,17.615
"Intermediate",472.727,70.7919,69.309,16.9187
"Intermediate",474.242,69.4969,69.033,17.9552
"Intermediate",475.758,68.3604,70.269,18.4509
"Intermediate",477.273,67.1193,73.816,17.8657
"Intermediate",478.788,70.1768,70.508,17.0036
"Intermediate",480.303,72.3617,63.006,19.1304
"Intermediate",481.818,75.3875,68.85,21.1186
"Intermediate",483.333,70.4329,69.667,18.6983
"Intermediate",484.848,70.376,76.882,18.8418
"Posterior",0,53.1866,22.508,22.2134
"Posterior",1.515,46.7661,25.771,18.4541
"Posterior",3.03,50.5613,23.437,19.8212
"Posterior",4.545,47.5305,25.467,17.3434
"Posterior",6.061,56.1673,27.392,19.4473
"Posterior",7.576,56.5285,26.206,19.0424
"Posterior",9.091,57.9344,25.425,18.8192
"Posterior",10.606,55.7157,29.325,19.7085
"Posterior",12.121,59.2257,28.732,20.3848
"Posterior",13.636,57.5186,29.151,18.4218
"Posterior",15.152,57.3593,26.236,22.9818
"Posterior",16.667,55.1098,31.883,20.008
"Posterior",18.182,52.9308,40.289,21.7287
"Posterior",19.697,53.3809,28.994,21.3902
"Posterior",21.212,57.4976,25.694,20.3038
"Posterior",22.727,54.8228,24.862,20.6361
"Posterior",24.242,56.2238,24.204,19.2968
"Posterior",25.758,59.7014,27.255,22.1193
"Posterior",27.273,49.1386,26.577,20.773
"Posterior",28.788,51.752,25.576,20.2028
"Posterior",30.303,48.4226,25.726,21.0651
"Posterior",31.818,51.4291,26.275,16.8173
"Posterior",33.333,51.7006,23.96,16.4356
"Posterior",34.848,56.0442,24.506,20.8861
"Posterior",36.364,53.9042,24.11,21.9706
"Posterior",37.879,51.9792,29.114,21.0053
"Posterior",39.394,56.7466,29.193,19.1137
"Posterior",40.909,54.1192,26.912,18.1542
"Posterior",42.424,51.7564,24.379,21.8252
"Posterior",43.939,50.3144,27.691,22.2583
"Posterior",45.455,52.9763,28.677,20.5334
"Posterior",46.97,53.7723,26.84,22.4443
"Posterior",48.485,51.0107,30.085,17.2708
"Posterior",50,52.3858,28.107,22.1206
"Posterior",51.515,53.7913,24.798,17.9929
"Posterior",53.03,44.9742,25.771,20.836
"Posterior",54.545,51.319,23.799,20.6418
"Posterior",56.061,51.0139,26.907,17.9713
"Posterior",57.576,53.5504,29.567,19.2144
"Posterior",59.091,50.8999,25.053,21.9798
"Posterior",60.606,54.2288,27.252,24.088
"Posterior",62.121,53.5657,32.519,20.4537
"Posterior",63.636,54.2388,28.383,22.985
"Posterior",65.152,56.5307,32.987,22.4938
"Posterior",66.667,49.312,29.626,21.3206
"Posterior",68.182,51.9501,28.41,20.2327
"Posterior",69.697,52.949,27.291,22.5178
"Posterior",71.212,53.1851,26.98,25.2454
"Posterior",72.727,56.2972,27.417,22.6022
"Posterior",74.242,53.6731,28.704,21.4715
"Posterior",75.758,53.5597,28.673,19.8179
"Posterior",77.273,51.3462,28.104,21.8638
"Posterior",78.788,51.2396,28.109,22.6736
"Posterior",80.303,46.6888,26.366,21.3815
"Posterior",81.818,49.2226,30.958,21.1159
"Posterior",83.333,53.5748,29.212,22.014
"Posterior",84.848,53.3756,30.624,19.4473
"Posterior",86.364,53.7552,29.078,21.6787
"Posterior",87.879,46.1998,28.404,21.4063
"Posterior",89.394,54.5201,28.288,20.3159
"Posterior",90.909,52.1558,30.013,18.248
"Posterior",92.424,49.8822,25.467,23.1164
"Posterior",93.939,47.678,29.479,22.67
"Posterior",95.455,49.647,29.992,22.9064
"Posterior",96.97,46.3112,28.598,24.2245
"Posterior",98.485,51.3765,31.206,27.561
"Posterior",100,52.7819,27.811,22.9832
"Posterior",101.515,48.4357,27.307,23.2721
"Posterior",103.03,48.3713,29.703,22.3804
"Posterior",104.545,49.7104,28.735,25.0172
"Posterior",106.061,49.3732,27.729,24.475
"Posterior",107.576,49.709,31.272,25.2846
"Posterior",109.091,51.1387,32.133,27.1531
"Posterior",110.606,49.5862,33.749,25.0861
"Posterior",112.121,47.7718,31.203,28.3767
"Posterior",113.636,45.3777,31.454,26.1856
"Posterior",115.152,47.5876,30.097,25.0154
"Posterior",116.667,49.0216,30.299,26.5121
"Posterior",118.182,48.7018,26.836,27.598
"Posterior",119.697,43.9515,27.929,25.8642
"Posterior",121.212,45.8181,33.363,25.4136
"Posterior",122.727,45.992,33.311,26.5995
"Posterior",124.242,46.7345,35.723,27.6555
"Posterior",125.758,54.8587,36.758,30.9624
"Posterior",127.273,47.9331,33.043,35.0054
"Posterior",128.788,47.384,37.435,33.6065
"Posterior",130.303,47.8543,32.507,29.2452
"Posterior",131.818,47.3618,31.209,33.8284
"Posterior",133.333,50.4245,33.045,33.7881
"Posterior",134.848,47.3193,35.516,29.4798
"Posterior",136.364,48.625,30.478,31.7519
"Posterior",137.879,46.0221,35.523,31.516
"Posterior",139.394,45.4255,37.275,39.3603
"Posterior",140.909,43.0135,38.589,42.0517
"Posterior",142.424,47.0944,41.561,43.839
"Posterior",143.939,46.06,39.752,35.6887
"Posterior",145.455,51.1805,38.274,45.0993
"Posterior",146.97,44.3238,41.772,46.3436
"Posterior",148.485,49.42,41.548,48.1433
"Posterior",150,47.6614,41.507,43.2126
"Posterior",151.515,50.529,47.214,51.1545
"Posterior",153.03,52.4691,46.345,47.9698
"Posterior",154.545,50.8045,50.766,42.1838
"Posterior",156.061,52.2949,48.39,51.7737
"Posterior",157.576,51.2095,48.19,55.0815
"Posterior",159.091,51.8671,50.949,54.8193
"Posterior",160.606,49.5574,50.032,58.2923
"Posterior",162.121,43.9173,57.394,59.9216
"Posterior",163.636,51.2049,59.177,58.8708
"Posterior",165.152,50.8747,51.617,63.1496
"Posterior",166.667,52.1829,61.929,57.9244
"Posterior",168.182,50.6397,58.289,66.7043
"Posterior",169.697,51.2248,65.653,59.4844
"Posterior",171.212,47.7588,55.75,61.66
"Posterior",172.727,49.9456,54.332,64.2219
"Posterior",174.242,45.2231,58.662,56.9273
"Posterior",175.758,40.779,58.684,58.956
"Posterior",177.273,43.1724,62.932,59.4517
"Posterior",178.788,50.6578,59.559,60.7748
"Posterior",180.303,46.8849,62.883,65.6304
"Posterior",181.818,46.4251,71.584,69.2609
"Posterior",183.333,48.2736,73.911,69.8365
"Posterior",184.848,44.8552,77.204,66.3252
"Posterior",186.364,46.6932,82.682,64.8538
"Posterior",187.879,48.8237,84.747,71.9948
"Posterior",189.394,47.7026,83.887,72.8924
"Posterior",190.909,47.3113,93.881,70.9598
"Posterior",192.424,45.6946,93.852,67.1548
"Posterior",193.939,51.9284,91.32,62.6167
"Posterior",195.455,46.5816,90.314,64.4652
"Posterior",196.97,52.888,100.057,63.9412
"Posterior",198.485,44.443,101.684,83.6767
"Posterior",200,53.8486,119.811,78.9742
"Posterior",201.515,50.7628,119.601,76.4961
"Posterior",203.03,51.3545,107.835,72.3527
"Posterior",204.545,47.1313,102.921,64.2587
"Posterior",206.061,51.0319,103.425,69.0515
"Posterior",207.576,49.11,117.835,64.4729
"Posterior",209.091,49.6207,132.502,59.7837
"Posterior",210.606,58.9536,141.482,70.2902
"Posterior",212.121,46.7117,150.72,63.1202
"Posterior",213.636,52.758,133.844,65.5518
"Posterior",215.152,54.0802,134.967,61.978
"Posterior",216.667,51.049,140.411,64.0517
"Posterior",218.182,52.0388,132.3,61.055
"Posterior",219.697,54.9719,133.597,58.5695
"Posterior",221.212,52.2444,127.265,59.0853
"Posterior",222.727,54.1194,154.537,54.0482
"Posterior",224.242,57.2569,163.277,53.2726
"Posterior",225.758,56.036,173.632,64.2486
"Posterior",227.273,65.508,183.811,52.7014
"Posterior",228.788,69.5135,189.01,53.6413
"Posterior",230.303,70.3593,174.632,47.4583
"Posterior",231.818,62.8813,156.837,45.2394
"Posterior",233.333,74.1261,151.103,44.7255
"Posterior",234.848,67.2975,143.242,43.2516
"Posterior",236.364,77.4265,147.866,45.7198
"Posterior",237.879,74.787,149.532,40.1032
"Posterior",239.394,68.7523,146.173,35.7318
"Posterior",240.909,67.4101,142.958,39.7472
"Posterior",242.424,70.0286,155.548,37.0282
"Posterior",243.939,67.9974,158.726,37.2033
"Posterior",245.455,65.2391,174.26,41.4652
"Posterior",246.97,72.1366,148.51,41.1109
"Posterior",248.485,67.4522,145.4,40.4854
"Posterior",250,69.7507,173.138,34.8791
"Posterior",251.515,68.2775,155.643,35.476
"Posterior",253.03,67.6151,162.922,32.6857
"Posterior",254.545,74.484,150.883,35.7078
"Posterior",256.061,78.6895,148.162,27.9121
"Posterior",257.576,79.9193,148.209,32.3587
"Posterior",259.091,85.2674,143.982,30.2891
"Posterior",260.606,74.7849,141.513,27.0061
"Posterior",262.121,83.6691,131.655,23.2871
"Posterior",263.636,75.1847,121.149,22.8691
"Posterior",265.152,74.3618,114.691,19.8327
"Posterior",266.667,73.4855,99.196,21.4456
"Posterior",268.182,66.883,99.783,17.8971
"Posterior",269.697,63.1173,85.713,16.932
"Posterior",271.212,66.5512,80.685,18.3771
"Posterior",272.727,58.5246,83.543,17.479
"Posterior",274.242,69.2289,84.537,17.2923
"Posterior",275.758,66.1875,82.746,15.6891
"Posterior",277.273,69.5727,79.766,16.8874
"Posterior",278.788,65.681,90.469,17.6496
"Posterior",280.303,71.6772,98.454,18.0908
"Posterior",281.818,74.3898,89.95,15.9042
"Posterior",283.333,62.994,78.693,15.2412
"Posterior",284.848,66.9401,73.553,18.0012
"Posterior",286.364,70.0545,73.052,13.6298
"Posterior",287.879,66.4414,68.02,16.2655
"Posterior",289.394,64.8304,71.506,14.899
"Posterior",290.909,61.8148,73.2,16.6646
"Posterior",292.424,63.8875,71.62,17.4028
"Posterior",293.939,60.6625,71.915,16.6528
"Posterior",295.455,63.4462,65.011,15.5609
"Posterior",296.97,60.8799,70.253,13.3205
"Posterior",298.485,57.5144,79.945,14.0285
"Posterior",300,62.4946,85.314,13.6724
"Posterior",301.515,71.6958,90.563,14.7813
"Posterior",303.03,63.6843,92.563,15.3741
"Posterior",304.545,66.6088,79.009,12.9525
"Posterior",306.061,75.4804,93.195,13.1715
"Posterior",307.576,70.6462,79.498,15.0386
"Posterior",309.091,68.6093,91.448,14.9499
"Posterior",310.606,57.2803,80.157,15.3423
"Posterior",312.121,68.9879,85.393,14.3341
"Posterior",313.636,69.8208,79.758,18.1224
"Posterior",315.152,62.9309,81.585,15.6321
"Posterior",316.667,63.1526,82.655,17.1269
"Posterior",318.182,73.3344,80.982,17.1696
"Posterior",319.697,65.1116,85.399,14.6443
"Posterior",321.212,67.5721,90.99,15.9256
"Posterior",322.727,69.461,84.086,12.2295
"Posterior",324.242,65.3225,81.418,17.4387
"Posterior",325.758,63.8617,86.094,19.5752
"Posterior",327.273,61.6589,89.627,18.1222
"Posterior",328.788,71.6481,93.199,17.2365
"Posterior",330.303,79.4433,90.873,15.4063
"Posterior",331.818,65.7413,81.882,18.2407
"Posterior",333.333,62.1251,78.622,15.5603
"Posterior",334.848,74.095,81.165,19.0401
"Posterior",336.364,69.8173,78.627,16.8731
"Posterior",337.879,68.0146,79.385,19.9847
"Posterior",339.394,76.3823,88.247,17.6586
"Posterior",340.909,81.4819,103.443,18.5994
"Posterior",342.424,83.5308,113.95,14.7654
"Posterior",343.939,77.4221,100.71,19.0111
"Posterior",345.455,70.4711,87.436,15.3334
"Posterior",346.97,71.0913,99.954,16.8925
"Posterior",348.485,66.9238,90.094,17.8774
"Posterior",350,64.97,80.386,16.655
"Posterior",351.515,62.1454,75.533,15.2287
"Posterior",353.03,57.7697,78.14,15.3129
"Posterior",354.545,57.913,81.606,13.8158
"Posterior",356.061,60.7433,80.107,13.9392
"Posterior",357.576,66.3656,77.473,15.8589
"Posterior",359.091,70.0314,80.916,15.736
"Posterior",360.606,77.2259,85.383,17.9707
"Posterior",362.121,65.3481,79.899,15.9252
"Posterior",363.636,71.7574,81.965,15.7112
"Posterior",365.152,71.8246,86.974,19.7749
"Posterior",366.667,71.4893,90.23,16.741
"Posterior",368.182,69.2228,73.512,16.7901
"Posterior",369.697,63.7461,69.531,16.2605
"Posterior",371.212,64.2565,68.828,14.9997
"Posterior",372.727,68.5584,73.881,17.0706
"Posterior",374.242,67.372,79.773,18.0009
"Posterior",375.758,67.3396,68.837,15.5932
"Posterior",377.273,62.1909,61.949,16.2779
"Posterior",378.788,60.4083,58.49,17.1806
"Posterior",380.303,65.4574,61.04,14.9535
"Posterior",381.818,58.9195,66.53,17.6259
"Posterior",383.333,59.7108,64.439,14.3164
"Posterior",384.848,58.0937,73.96,18.4188
"Posterior",386.364,61.8588,62.201,13.5013
"Posterior",387.879,57.9731,61.138,14.805
"Posterior",389.394,55.5166,65.099,14.7199
"Posterior",390.909,58.2596,65.505,13.687
"Posterior",392.424,53.5407,70.424,15.039
"Posterior",393.939,48.0047,57.913,14.797
"Posterior",395.455,59.8054,54.999,15.8395
"Posterior",396.97,55.0662,55.761,15.2237
"Posterior",398.485,55.2663,58.482,15.8389
"Posterior",400,53.2925,62.142,16.0648
"Posterior",401.515,61.8302,62.983,14.3803
"Posterior",403.03,55.9487,63.299,13.7752
"Posterior",404.545,57.1607,60.643,13.5674
"Posterior",406.061,56.134,58.429,14.2733
"Posterior",407.576,57.4163,55.344,15.3325
"Posterior",409.091,62.8395,55.461,14.8606
"Posterior",410.606,62.6757,58.668,16.3893
"Posterior",412.121,69.1186,66.624,15.703
"Posterior",413.636,60.1158,68.292,18.0182
"Posterior",415.152,58.0748,66.482,18.0259
"Posterior",416.667,59.1708,60.071,16.3301
"Posterior",418.182,62.4742,67.891,19.8355
"Posterior",419.697,59.0854,61.697,17.4728
